LocationID; MechanismID; SubMechanismID; CalculationMethod; FORM_StartMethod; FORM_NIterations; FORM_RelaxationFactor; FORM_EpsBeta; FORM_EpsHOH; FORM_EpsZFunc; DS_StartMethod; DS_Min; DS_Max; DS_VarCoefficient; NI_UMin; NI_UMax; NI_NumberSteps
2000001; 1; 1; 11; 4; 150; 0.150; 0.005; 0.005; 0.005; 2; 10000; 40000; 0.100; -6; 6; 25
2000001; 3; 5; 4; 4; 150; 0.150; 0.005; 0.005; 0.005; 2; 3000; 20000; 0.100; -6; 6; 25
2000001; 11; 11; 11; 4; 150; 0.150; 0.005; 0.005; 0.005; 2; 10000; 40000; 0.100; -6; 6; 25
2000001; 11; 14; 11; 4; 150; 0.150; 0.005; 0.005; 0.005; 2; 10000; 40000; 0.100; -6; 6; 25
2000001; 11; 16; 11; 4; 150; 0.150; 0.005; 0.005; 0.005; 2; 10000; 40000; 0.100; -6; 6; 25
2000001; 101; 102; 11; 4; 150; 0.150; 0.005; 0.005; 0.005; 2; 10000; 40000; 0.100; -6; 6; 25
2000001; 101; 103; 11; 4; 150; 0.150; 0.005; 0.005; 0.005; 2; 10000; 40000; 0.100; -6; 6; 25
2000001; 110; 421; 11; 4; 150; 0.150; 0.005; 0.005; 0.005; 2; 10000; 20000; 0.100; -6; 6; 25
2000001; 110; 422; 11; 1; 150; 0.150; 0.005; 0.005; 0.005; 2; 10000; 20000; 0.100; -6; 6; 25
2000001; 110; 423; 11; 4; 150; 0.150; 0.005; 0.005; 0.005; 2; 10000; 20000; 0.100; -6; 6; 25
2000001; 111; 422; 1; 1; 150; 0.150; 0.005; 0.005; 0.005; 2; 10000; 20000; 0.100; -6; 6; 25
2000001; 111; 424; 11; 4; 150; 0.150; 0.005; 0.005; 0.005; 2; 10000; 20000; 0.100; -6; 6; 25
2000001; 111; 425; 11; 4; 150; 0.150; 0.005; 0.005; 0.005; 2; 10000; 20000; 0.100; -6; 6; 25
2000001; 111; 426; 1; 1; 150; 0.150; 0.005; 0.005; 0.005; 2; 10000; 20000; 0.100; -6; 6; 25
2000001; 111; 427; 1; 1; 150; 0.150; 0.005; 0.005; 0.005; 2; 10000; 20000; 0.100; -6; 6; 25
2000001; 112; 422; 1; 1; 150; 0.150; 0.005; 0.005; 0.005; 2; 10000; 20000; 0.100; -6; 6; 25
2000001; 112; 424; 11; 4; 150; 0.150; 0.005; 0.005; 0.005; 2; 10000; 20000; 0.100; -6; 6; 25
2000001; 112; 425; 11; 4; 150; 0.150; 0.005; 0.005; 0.005; 2; 10000; 20000; 0.100; -6; 6; 25
2000001; 112; 430; 11; 4; 150; 0.150; 0.005; 0.005; 0.005; 2; 10000; 20000; 0.100; -6; 6; 25
2000001; 112; 431; 1; 1; 150; 0.150; 0.005; 0.005; 0.005; 2; 10000; 20000; 0.100; -6; 6; 25
2000001; 112; 432; 1; 1; 150; 0.150; 0.005; 0.005; 0.005; 2; 10000; 20000; 0.100; -6; 6; 25
2000001; 112; 433; 1; 1; 150; 0.150; 0.005; 0.005; 0.005; 2; 10000; 20000; 0.100; -6; 6; 25
2000001; 112; 434; 11; 4; 150; 0.150; 0.005; 0.005; 0.005; 2; 10000; 20000; 0.100; -6; 6; 25
2000001; 112; 435; 11; 4; 150; 0.150; 0.005; 0.005; 0.005; 2; 10000; 20000; 0.100; -6; 6; 25
2000002; 1; 1; 11; 4; 150; 0.150; 0.005; 0.005; 0.005; 2; 10000; 40000; 0.100; -6; 6; 25
2000002; 3; 5; 4; 4; 150; 0.150; 0.005; 0.005; 0.005; 2; 3000; 20000; 0.100; -6; 6; 25
2000002; 11; 11; 11; 4; 150; 0.150; 0.005; 0.005; 0.005; 2; 10000; 40000; 0.100; -6; 6; 25
2000002; 11; 14; 11; 4; 150; 0.150; 0.005; 0.005; 0.005; 2; 10000; 40000; 0.100; -6; 6; 25
2000002; 11; 16; 11; 4; 150; 0.150; 0.005; 0.005; 0.005; 2; 10000; 40000; 0.100; -6; 6; 25
2000002; 101; 102; 11; 4; 150; 0.150; 0.005; 0.005; 0.005; 2; 10000; 40000; 0.100; -6; 6; 25
2000002; 101; 103; 11; 4; 150; 0.150; 0.005; 0.005; 0.005; 2; 10000; 40000; 0.100; -6; 6; 25
2000002; 110; 421; 11; 4; 150; 0.150; 0.005; 0.005; 0.005; 2; 10000; 20000; 0.100; -6; 6; 25
2000002; 110; 422; 11; 1; 150; 0.150; 0.005; 0.005; 0.005; 2; 10000; 20000; 0.100; -6; 6; 25
2000002; 110; 423; 11; 4; 150; 0.150; 0.005; 0.005; 0.005; 2; 10000; 20000; 0.100; -6; 6; 25
2000002; 111; 422; 1; 1; 150; 0.150; 0.005; 0.005; 0.005; 2; 10000; 20000; 0.100; -6; 6; 25
2000002; 111; 424; 11; 4; 150; 0.150; 0.005; 0.005; 0.005; 2; 10000; 20000; 0.100; -6; 6; 25
2000002; 111; 425; 11; 4; 150; 0.150; 0.005; 0.005; 0.005; 2; 10000; 20000; 0.100; -6; 6; 25
2000002; 111; 426; 1; 1; 150; 0.150; 0.005; 0.005; 0.005; 2; 10000; 20000; 0.100; -6; 6; 25
2000002; 111; 427; 1; 1; 150; 0.150; 0.005; 0.005; 0.005; 2; 10000; 20000; 0.100; -6; 6; 25
2000002; 112; 422; 1; 1; 150; 0.150; 0.005; 0.005; 0.005; 2; 10000; 20000; 0.100; -6; 6; 25
2000002; 112; 424; 11; 4; 150; 0.150; 0.005; 0.005; 0.005; 2; 10000; 20000; 0.100; -6; 6; 25
2000002; 112; 425; 11; 4; 150; 0.150; 0.005; 0.005; 0.005; 2; 10000; 20000; 0.100; -6; 6; 25
2000002; 112; 430; 11; 4; 150; 0.150; 0.005; 0.005; 0.005; 2; 10000; 20000; 0.100; -6; 6; 25
2000002; 112; 431; 1; 1; 150; 0.150; 0.005; 0.005; 0.005; 2; 10000; 20000; 0.100; -6; 6; 25
2000002; 112; 432; 1; 1; 150; 0.150; 0.005; 0.005; 0.005; 2; 10000; 20000; 0.100; -6; 6; 25
2000002; 112; 433; 1; 1; 150; 0.150; 0.005; 0.005; 0.005; 2; 10000; 20000; 0.100; -6; 6; 25
2000002; 112; 434; 11; 4; 150; 0.150; 0.005; 0.005; 0.005; 2; 10000; 20000; 0.100; -6; 6; 25
2000002; 112; 435; 11; 4; 150; 0.150; 0.005; 0.005; 0.005; 2; 10000; 20000; 0.100; -6; 6; 25
2000003; 1; 1; 11; 4; 150; 0.150; 0.005; 0.005; 0.005; 2; 10000; 40000; 0.100; -6; 6; 25
2000003; 3; 5; 4; 4; 150; 0.150; 0.005; 0.005; 0.005; 2; 3000; 20000; 0.100; -6; 6; 25
2000003; 11; 11; 11; 4; 150; 0.150; 0.005; 0.005; 0.005; 2; 10000; 40000; 0.100; -6; 6; 25
2000003; 11; 14; 11; 4; 150; 0.150; 0.005; 0.005; 0.005; 2; 10000; 40000; 0.100; -6; 6; 25
2000003; 11; 16; 11; 4; 150; 0.150; 0.005; 0.005; 0.005; 2; 10000; 40000; 0.100; -6; 6; 25
2000003; 101; 102; 11; 4; 150; 0.150; 0.005; 0.005; 0.005; 2; 10000; 40000; 0.100; -6; 6; 25
2000003; 101; 103; 11; 4; 150; 0.150; 0.005; 0.005; 0.005; 2; 10000; 40000; 0.100; -6; 6; 25
2000003; 110; 421; 11; 4; 150; 0.150; 0.005; 0.005; 0.005; 2; 10000; 20000; 0.100; -6; 6; 25
2000003; 110; 422; 11; 1; 150; 0.150; 0.005; 0.005; 0.005; 2; 10000; 20000; 0.100; -6; 6; 25
2000003; 110; 423; 11; 4; 150; 0.150; 0.005; 0.005; 0.005; 2; 10000; 20000; 0.100; -6; 6; 25
2000003; 111; 422; 1; 1; 150; 0.150; 0.005; 0.005; 0.005; 2; 10000; 20000; 0.100; -6; 6; 25
2000003; 111; 424; 11; 4; 150; 0.150; 0.005; 0.005; 0.005; 2; 10000; 20000; 0.100; -6; 6; 25
2000003; 111; 425; 11; 4; 150; 0.150; 0.005; 0.005; 0.005; 2; 10000; 20000; 0.100; -6; 6; 25
2000003; 111; 426; 1; 1; 150; 0.150; 0.005; 0.005; 0.005; 2; 10000; 20000; 0.100; -6; 6; 25
2000003; 111; 427; 1; 1; 150; 0.150; 0.005; 0.005; 0.005; 2; 10000; 20000; 0.100; -6; 6; 25
2000003; 112; 422; 1; 1; 150; 0.150; 0.005; 0.005; 0.005; 2; 10000; 20000; 0.100; -6; 6; 25
2000003; 112; 424; 11; 4; 150; 0.150; 0.005; 0.005; 0.005; 2; 10000; 20000; 0.100; -6; 6; 25
2000003; 112; 425; 11; 4; 150; 0.150; 0.005; 0.005; 0.005; 2; 10000; 20000; 0.100; -6; 6; 25
2000003; 112; 430; 11; 4; 150; 0.150; 0.005; 0.005; 0.005; 2; 10000; 20000; 0.100; -6; 6; 25
2000003; 112; 431; 1; 1; 150; 0.150; 0.005; 0.005; 0.005; 2; 10000; 20000; 0.100; -6; 6; 25
2000003; 112; 432; 1; 1; 150; 0.150; 0.005; 0.005; 0.005; 2; 10000; 20000; 0.100; -6; 6; 25
2000003; 112; 433; 1; 1; 150; 0.150; 0.005; 0.005; 0.005; 2; 10000; 20000; 0.100; -6; 6; 25
2000003; 112; 434; 11; 4; 150; 0.150; 0.005; 0.005; 0.005; 2; 10000; 20000; 0.100; -6; 6; 25
2000003; 112; 435; 11; 4; 150; 0.150; 0.005; 0.005; 0.005; 2; 10000; 20000; 0.100; -6; 6; 25
2000004; 1; 1; 11; 4; 150; 0.150; 0.005; 0.005; 0.005; 2; 10000; 40000; 0.100; -6; 6; 25
2000004; 3; 5; 4; 4; 150; 0.150; 0.005; 0.005; 0.005; 2; 3000; 20000; 0.100; -6; 6; 25
2000004; 11; 11; 11; 4; 150; 0.150; 0.005; 0.005; 0.005; 2; 10000; 40000; 0.100; -6; 6; 25
2000004; 11; 14; 11; 4; 150; 0.150; 0.005; 0.005; 0.005; 2; 10000; 40000; 0.100; -6; 6; 25
2000004; 11; 16; 11; 4; 150; 0.150; 0.005; 0.005; 0.005; 2; 10000; 40000; 0.100; -6; 6; 25
2000004; 101; 102; 11; 4; 150; 0.150; 0.005; 0.005; 0.005; 2; 10000; 40000; 0.100; -6; 6; 25
2000004; 101; 103; 11; 4; 150; 0.150; 0.005; 0.005; 0.005; 2; 10000; 40000; 0.100; -6; 6; 25
2000004; 110; 421; 11; 4; 150; 0.150; 0.005; 0.005; 0.005; 2; 10000; 20000; 0.100; -6; 6; 25
2000004; 110; 422; 11; 1; 150; 0.150; 0.005; 0.005; 0.005; 2; 10000; 20000; 0.100; -6; 6; 25
2000004; 110; 423; 11; 4; 150; 0.150; 0.005; 0.005; 0.005; 2; 10000; 20000; 0.100; -6; 6; 25
2000004; 111; 422; 1; 1; 150; 0.150; 0.005; 0.005; 0.005; 2; 10000; 20000; 0.100; -6; 6; 25
2000004; 111; 424; 11; 4; 150; 0.150; 0.005; 0.005; 0.005; 2; 10000; 20000; 0.100; -6; 6; 25
2000004; 111; 425; 11; 4; 150; 0.150; 0.005; 0.005; 0.005; 2; 10000; 20000; 0.100; -6; 6; 25
2000004; 111; 426; 1; 1; 150; 0.150; 0.005; 0.005; 0.005; 2; 10000; 20000; 0.100; -6; 6; 25
2000004; 111; 427; 1; 1; 150; 0.150; 0.005; 0.005; 0.005; 2; 10000; 20000; 0.100; -6; 6; 25
2000004; 112; 422; 1; 1; 150; 0.150; 0.005; 0.005; 0.005; 2; 10000; 20000; 0.100; -6; 6; 25
2000004; 112; 424; 11; 4; 150; 0.150; 0.005; 0.005; 0.005; 2; 10000; 20000; 0.100; -6; 6; 25
2000004; 112; 425; 11; 4; 150; 0.150; 0.005; 0.005; 0.005; 2; 10000; 20000; 0.100; -6; 6; 25
2000004; 112; 430; 11; 4; 150; 0.150; 0.005; 0.005; 0.005; 2; 10000; 20000; 0.100; -6; 6; 25
2000004; 112; 431; 1; 1; 150; 0.150; 0.005; 0.005; 0.005; 2; 10000; 20000; 0.100; -6; 6; 25
2000004; 112; 432; 1; 1; 150; 0.150; 0.005; 0.005; 0.005; 2; 10000; 20000; 0.100; -6; 6; 25
2000004; 112; 433; 1; 1; 150; 0.150; 0.005; 0.005; 0.005; 2; 10000; 20000; 0.100; -6; 6; 25
2000004; 112; 434; 11; 4; 150; 0.150; 0.005; 0.005; 0.005; 2; 10000; 20000; 0.100; -6; 6; 25
2000004; 112; 435; 11; 4; 150; 0.150; 0.005; 0.005; 0.005; 2; 10000; 20000; 0.100; -6; 6; 25
2000005; 1; 1; 11; 4; 150; 0.150; 0.005; 0.005; 0.005; 2; 10000; 40000; 0.100; -6; 6; 25
2000005; 3; 5; 4; 4; 150; 0.150; 0.005; 0.005; 0.005; 2; 3000; 20000; 0.100; -6; 6; 25
2000005; 11; 11; 11; 4; 150; 0.150; 0.005; 0.005; 0.005; 2; 10000; 40000; 0.100; -6; 6; 25
2000005; 11; 14; 11; 4; 150; 0.150; 0.005; 0.005; 0.005; 2; 10000; 40000; 0.100; -6; 6; 25
2000005; 11; 16; 11; 4; 150; 0.150; 0.005; 0.005; 0.005; 2; 10000; 40000; 0.100; -6; 6; 25
2000005; 101; 102; 11; 4; 150; 0.150; 0.005; 0.005; 0.005; 2; 10000; 40000; 0.100; -6; 6; 25
2000005; 101; 103; 11; 4; 150; 0.150; 0.005; 0.005; 0.005; 2; 10000; 40000; 0.100; -6; 6; 25
2000005; 110; 421; 11; 4; 150; 0.150; 0.005; 0.005; 0.005; 2; 10000; 20000; 0.100; -6; 6; 25
2000005; 110; 422; 11; 1; 150; 0.150; 0.005; 0.005; 0.005; 2; 10000; 20000; 0.100; -6; 6; 25
2000005; 110; 423; 11; 4; 150; 0.150; 0.005; 0.005; 0.005; 2; 10000; 20000; 0.100; -6; 6; 25
2000005; 111; 422; 1; 1; 150; 0.150; 0.005; 0.005; 0.005; 2; 10000; 20000; 0.100; -6; 6; 25
2000005; 111; 424; 11; 4; 150; 0.150; 0.005; 0.005; 0.005; 2; 10000; 20000; 0.100; -6; 6; 25
2000005; 111; 425; 11; 4; 150; 0.150; 0.005; 0.005; 0.005; 2; 10000; 20000; 0.100; -6; 6; 25
2000005; 111; 426; 1; 1; 150; 0.150; 0.005; 0.005; 0.005; 2; 10000; 20000; 0.100; -6; 6; 25
2000005; 111; 427; 1; 1; 150; 0.150; 0.005; 0.005; 0.005; 2; 10000; 20000; 0.100; -6; 6; 25
2000005; 112; 422; 1; 1; 150; 0.150; 0.005; 0.005; 0.005; 2; 10000; 20000; 0.100; -6; 6; 25
2000005; 112; 424; 11; 4; 150; 0.150; 0.005; 0.005; 0.005; 2; 10000; 20000; 0.100; -6; 6; 25
2000005; 112; 425; 11; 4; 150; 0.150; 0.005; 0.005; 0.005; 2; 10000; 20000; 0.100; -6; 6; 25
2000005; 112; 430; 11; 4; 150; 0.150; 0.005; 0.005; 0.005; 2; 10000; 20000; 0.100; -6; 6; 25
2000005; 112; 431; 1; 1; 150; 0.150; 0.005; 0.005; 0.005; 2; 10000; 20000; 0.100; -6; 6; 25
2000005; 112; 432; 1; 1; 150; 0.150; 0.005; 0.005; 0.005; 2; 10000; 20000; 0.100; -6; 6; 25
2000005; 112; 433; 1; 1; 150; 0.150; 0.005; 0.005; 0.005; 2; 10000; 20000; 0.100; -6; 6; 25
2000005; 112; 434; 11; 4; 150; 0.150; 0.005; 0.005; 0.005; 2; 10000; 20000; 0.100; -6; 6; 25
2000005; 112; 435; 11; 4; 150; 0.150; 0.005; 0.005; 0.005; 2; 10000; 20000; 0.100; -6; 6; 25
2000006; 1; 1; 11; 4; 150; 0.150; 0.005; 0.005; 0.005; 2; 10000; 40000; 0.100; -6; 6; 25
2000006; 3; 5; 4; 4; 150; 0.150; 0.005; 0.005; 0.005; 2; 3000; 20000; 0.100; -6; 6; 25
2000006; 11; 11; 11; 4; 150; 0.150; 0.005; 0.005; 0.005; 2; 10000; 40000; 0.100; -6; 6; 25
2000006; 11; 14; 11; 4; 150; 0.150; 0.005; 0.005; 0.005; 2; 10000; 40000; 0.100; -6; 6; 25
2000006; 11; 16; 11; 4; 150; 0.150; 0.005; 0.005; 0.005; 2; 10000; 40000; 0.100; -6; 6; 25
2000006; 101; 102; 11; 4; 150; 0.150; 0.005; 0.005; 0.005; 2; 10000; 40000; 0.100; -6; 6; 25
2000006; 101; 103; 11; 4; 150; 0.150; 0.005; 0.005; 0.005; 2; 10000; 40000; 0.100; -6; 6; 25
2000006; 110; 421; 11; 4; 150; 0.150; 0.005; 0.005; 0.005; 2; 10000; 20000; 0.100; -6; 6; 25
2000006; 110; 422; 11; 1; 150; 0.150; 0.005; 0.005; 0.005; 2; 10000; 20000; 0.100; -6; 6; 25
2000006; 110; 423; 11; 4; 150; 0.150; 0.005; 0.005; 0.005; 2; 10000; 20000; 0.100; -6; 6; 25
2000006; 111; 422; 1; 1; 150; 0.150; 0.005; 0.005; 0.005; 2; 10000; 20000; 0.100; -6; 6; 25
2000006; 111; 424; 11; 4; 150; 0.150; 0.005; 0.005; 0.005; 2; 10000; 20000; 0.100; -6; 6; 25
2000006; 111; 425; 11; 4; 150; 0.150; 0.005; 0.005; 0.005; 2; 10000; 20000; 0.100; -6; 6; 25
2000006; 111; 426; 1; 1; 150; 0.150; 0.005; 0.005; 0.005; 2; 10000; 20000; 0.100; -6; 6; 25
2000006; 111; 427; 1; 1; 150; 0.150; 0.005; 0.005; 0.005; 2; 10000; 20000; 0.100; -6; 6; 25
2000006; 112; 422; 1; 1; 150; 0.150; 0.005; 0.005; 0.005; 2; 10000; 20000; 0.100; -6; 6; 25
2000006; 112; 424; 11; 4; 150; 0.150; 0.005; 0.005; 0.005; 2; 10000; 20000; 0.100; -6; 6; 25
2000006; 112; 425; 11; 4; 150; 0.150; 0.005; 0.005; 0.005; 2; 10000; 20000; 0.100; -6; 6; 25
2000006; 112; 430; 11; 4; 150; 0.150; 0.005; 0.005; 0.005; 2; 10000; 20000; 0.100; -6; 6; 25
2000006; 112; 431; 1; 1; 150; 0.150; 0.005; 0.005; 0.005; 2; 10000; 20000; 0.100; -6; 6; 25
2000006; 112; 432; 1; 1; 150; 0.150; 0.005; 0.005; 0.005; 2; 10000; 20000; 0.100; -6; 6; 25
2000006; 112; 433; 1; 1; 150; 0.150; 0.005; 0.005; 0.005; 2; 10000; 20000; 0.100; -6; 6; 25
2000006; 112; 434; 11; 4; 150; 0.150; 0.005; 0.005; 0.005; 2; 10000; 20000; 0.100; -6; 6; 25
2000006; 112; 435; 11; 4; 150; 0.150; 0.005; 0.005; 0.005; 2; 10000; 20000; 0.100; -6; 6; 25
2000007; 1; 1; 11; 4; 150; 0.150; 0.005; 0.005; 0.005; 2; 10000; 40000; 0.100; -6; 6; 25
2000007; 3; 5; 4; 4; 150; 0.150; 0.005; 0.005; 0.005; 2; 3000; 20000; 0.100; -6; 6; 25
2000007; 11; 11; 11; 4; 150; 0.150; 0.005; 0.005; 0.005; 2; 10000; 40000; 0.100; -6; 6; 25
2000007; 11; 14; 11; 4; 150; 0.150; 0.005; 0.005; 0.005; 2; 10000; 40000; 0.100; -6; 6; 25
2000007; 11; 16; 11; 4; 150; 0.150; 0.005; 0.005; 0.005; 2; 10000; 40000; 0.100; -6; 6; 25
2000007; 101; 102; 11; 4; 150; 0.150; 0.005; 0.005; 0.005; 2; 10000; 40000; 0.100; -6; 6; 25
2000007; 101; 103; 11; 4; 150; 0.150; 0.005; 0.005; 0.005; 2; 10000; 40000; 0.100; -6; 6; 25
2000007; 110; 421; 11; 4; 150; 0.150; 0.005; 0.005; 0.005; 2; 10000; 20000; 0.100; -6; 6; 25
2000007; 110; 422; 11; 1; 150; 0.150; 0.005; 0.005; 0.005; 2; 10000; 20000; 0.100; -6; 6; 25
2000007; 110; 423; 11; 4; 150; 0.150; 0.005; 0.005; 0.005; 2; 10000; 20000; 0.100; -6; 6; 25
2000007; 111; 422; 1; 1; 150; 0.150; 0.005; 0.005; 0.005; 2; 10000; 20000; 0.100; -6; 6; 25
2000007; 111; 424; 11; 4; 150; 0.150; 0.005; 0.005; 0.005; 2; 10000; 20000; 0.100; -6; 6; 25
2000007; 111; 425; 11; 4; 150; 0.150; 0.005; 0.005; 0.005; 2; 10000; 20000; 0.100; -6; 6; 25
2000007; 111; 426; 1; 1; 150; 0.150; 0.005; 0.005; 0.005; 2; 10000; 20000; 0.100; -6; 6; 25
2000007; 111; 427; 1; 1; 150; 0.150; 0.005; 0.005; 0.005; 2; 10000; 20000; 0.100; -6; 6; 25
2000007; 112; 422; 1; 1; 150; 0.150; 0.005; 0.005; 0.005; 2; 10000; 20000; 0.100; -6; 6; 25
2000007; 112; 424; 11; 4; 150; 0.150; 0.005; 0.005; 0.005; 2; 10000; 20000; 0.100; -6; 6; 25
2000007; 112; 425; 11; 4; 150; 0.150; 0.005; 0.005; 0.005; 2; 10000; 20000; 0.100; -6; 6; 25
2000007; 112; 430; 11; 4; 150; 0.150; 0.005; 0.005; 0.005; 2; 10000; 20000; 0.100; -6; 6; 25
2000007; 112; 431; 1; 1; 150; 0.150; 0.005; 0.005; 0.005; 2; 10000; 20000; 0.100; -6; 6; 25
2000007; 112; 432; 1; 1; 150; 0.150; 0.005; 0.005; 0.005; 2; 10000; 20000; 0.100; -6; 6; 25
2000007; 112; 433; 1; 1; 150; 0.150; 0.005; 0.005; 0.005; 2; 10000; 20000; 0.100; -6; 6; 25
2000007; 112; 434; 11; 4; 150; 0.150; 0.005; 0.005; 0.005; 2; 10000; 20000; 0.100; -6; 6; 25
2000007; 112; 435; 11; 4; 150; 0.150; 0.005; 0.005; 0.005; 2; 10000; 20000; 0.100; -6; 6; 25
2000008; 1; 1; 11; 4; 150; 0.150; 0.005; 0.005; 0.005; 2; 10000; 40000; 0.100; -6; 6; 25
2000008; 3; 5; 4; 4; 150; 0.150; 0.005; 0.005; 0.005; 2; 3000; 20000; 0.100; -6; 6; 25
2000008; 11; 11; 11; 4; 150; 0.150; 0.005; 0.005; 0.005; 2; 10000; 40000; 0.100; -6; 6; 25
2000008; 11; 14; 11; 4; 150; 0.150; 0.005; 0.005; 0.005; 2; 10000; 40000; 0.100; -6; 6; 25
2000008; 11; 16; 11; 4; 150; 0.150; 0.005; 0.005; 0.005; 2; 10000; 40000; 0.100; -6; 6; 25
2000008; 101; 102; 11; 4; 150; 0.150; 0.005; 0.005; 0.005; 2; 10000; 40000; 0.100; -6; 6; 25
2000008; 101; 103; 11; 4; 150; 0.150; 0.005; 0.005; 0.005; 2; 10000; 40000; 0.100; -6; 6; 25
2000008; 110; 421; 11; 4; 150; 0.150; 0.005; 0.005; 0.005; 2; 10000; 20000; 0.100; -6; 6; 25
2000008; 110; 422; 11; 1; 150; 0.150; 0.005; 0.005; 0.005; 2; 10000; 20000; 0.100; -6; 6; 25
2000008; 110; 423; 11; 4; 150; 0.150; 0.005; 0.005; 0.005; 2; 10000; 20000; 0.100; -6; 6; 25
2000008; 111; 422; 1; 1; 150; 0.150; 0.005; 0.005; 0.005; 2; 10000; 20000; 0.100; -6; 6; 25
2000008; 111; 424; 11; 4; 150; 0.150; 0.005; 0.005; 0.005; 2; 10000; 20000; 0.100; -6; 6; 25
2000008; 111; 425; 11; 4; 150; 0.150; 0.005; 0.005; 0.005; 2; 10000; 20000; 0.100; -6; 6; 25
2000008; 111; 426; 1; 1; 150; 0.150; 0.005; 0.005; 0.005; 2; 10000; 20000; 0.100; -6; 6; 25
2000008; 111; 427; 1; 1; 150; 0.150; 0.005; 0.005; 0.005; 2; 10000; 20000; 0.100; -6; 6; 25
2000008; 112; 422; 1; 1; 150; 0.150; 0.005; 0.005; 0.005; 2; 10000; 20000; 0.100; -6; 6; 25
2000008; 112; 424; 11; 4; 150; 0.150; 0.005; 0.005; 0.005; 2; 10000; 20000; 0.100; -6; 6; 25
2000008; 112; 425; 11; 4; 150; 0.150; 0.005; 0.005; 0.005; 2; 10000; 20000; 0.100; -6; 6; 25
2000008; 112; 430; 11; 4; 150; 0.150; 0.005; 0.005; 0.005; 2; 10000; 20000; 0.100; -6; 6; 25
2000008; 112; 431; 1; 1; 150; 0.150; 0.005; 0.005; 0.005; 2; 10000; 20000; 0.100; -6; 6; 25
2000008; 112; 432; 1; 1; 150; 0.150; 0.005; 0.005; 0.005; 2; 10000; 20000; 0.100; -6; 6; 25
2000008; 112; 433; 1; 1; 150; 0.150; 0.005; 0.005; 0.005; 2; 10000; 20000; 0.100; -6; 6; 25
2000008; 112; 434; 11; 4; 150; 0.150; 0.005; 0.005; 0.005; 2; 10000; 20000; 0.100; -6; 6; 25
2000008; 112; 435; 11; 4; 150; 0.150; 0.005; 0.005; 0.005; 2; 10000; 20000; 0.100; -6; 6; 25
2000009; 1; 1; 11; 4; 150; 0.150; 0.005; 0.005; 0.005; 2; 10000; 40000; 0.100; -6; 6; 25
2000009; 3; 5; 4; 4; 150; 0.150; 0.005; 0.005; 0.005; 2; 3000; 20000; 0.100; -6; 6; 25
2000009; 11; 11; 11; 4; 150; 0.150; 0.005; 0.005; 0.005; 2; 10000; 40000; 0.100; -6; 6; 25
2000009; 11; 14; 11; 4; 150; 0.150; 0.005; 0.005; 0.005; 2; 10000; 40000; 0.100; -6; 6; 25
2000009; 11; 16; 11; 4; 150; 0.150; 0.005; 0.005; 0.005; 2; 10000; 40000; 0.100; -6; 6; 25
2000009; 101; 102; 11; 4; 150; 0.150; 0.005; 0.005; 0.005; 2; 10000; 40000; 0.100; -6; 6; 25
2000009; 101; 103; 11; 4; 150; 0.150; 0.005; 0.005; 0.005; 2; 10000; 40000; 0.100; -6; 6; 25
2000009; 110; 421; 11; 4; 150; 0.150; 0.005; 0.005; 0.005; 2; 10000; 20000; 0.100; -6; 6; 25
2000009; 110; 422; 11; 1; 150; 0.150; 0.005; 0.005; 0.005; 2; 10000; 20000; 0.100; -6; 6; 25
2000009; 110; 423; 11; 4; 150; 0.150; 0.005; 0.005; 0.005; 2; 10000; 20000; 0.100; -6; 6; 25
2000009; 111; 422; 1; 1; 150; 0.150; 0.005; 0.005; 0.005; 2; 10000; 20000; 0.100; -6; 6; 25
2000009; 111; 424; 11; 4; 150; 0.150; 0.005; 0.005; 0.005; 2; 10000; 20000; 0.100; -6; 6; 25
2000009; 111; 425; 11; 4; 150; 0.150; 0.005; 0.005; 0.005; 2; 10000; 20000; 0.100; -6; 6; 25
2000009; 111; 426; 1; 1; 150; 0.150; 0.005; 0.005; 0.005; 2; 10000; 20000; 0.100; -6; 6; 25
2000009; 111; 427; 1; 1; 150; 0.150; 0.005; 0.005; 0.005; 2; 10000; 20000; 0.100; -6; 6; 25
2000009; 112; 422; 1; 1; 150; 0.150; 0.005; 0.005; 0.005; 2; 10000; 20000; 0.100; -6; 6; 25
2000009; 112; 424; 11; 4; 150; 0.150; 0.005; 0.005; 0.005; 2; 10000; 20000; 0.100; -6; 6; 25
2000009; 112; 425; 11; 4; 150; 0.150; 0.005; 0.005; 0.005; 2; 10000; 20000; 0.100; -6; 6; 25
2000009; 112; 430; 11; 4; 150; 0.150; 0.005; 0.005; 0.005; 2; 10000; 20000; 0.100; -6; 6; 25
2000009; 112; 431; 1; 1; 150; 0.150; 0.005; 0.005; 0.005; 2; 10000; 20000; 0.100; -6; 6; 25
2000009; 112; 432; 1; 1; 150; 0.150; 0.005; 0.005; 0.005; 2; 10000; 20000; 0.100; -6; 6; 25
2000009; 112; 433; 1; 1; 150; 0.150; 0.005; 0.005; 0.005; 2; 10000; 20000; 0.100; -6; 6; 25
2000009; 112; 434; 11; 4; 150; 0.150; 0.005; 0.005; 0.005; 2; 10000; 20000; 0.100; -6; 6; 25
2000009; 112; 435; 11; 4; 150; 0.150; 0.005; 0.005; 0.005; 2; 10000; 20000; 0.100; -6; 6; 25
2000010; 1; 1; 11; 4; 150; 0.150; 0.005; 0.005; 0.005; 2; 10000; 40000; 0.100; -6; 6; 25
2000010; 3; 5; 4; 4; 150; 0.150; 0.005; 0.005; 0.005; 2; 3000; 20000; 0.100; -6; 6; 25
2000010; 11; 11; 11; 4; 150; 0.150; 0.005; 0.005; 0.005; 2; 10000; 40000; 0.100; -6; 6; 25
2000010; 11; 14; 11; 4; 150; 0.150; 0.005; 0.005; 0.005; 2; 10000; 40000; 0.100; -6; 6; 25
2000010; 11; 16; 11; 4; 150; 0.150; 0.005; 0.005; 0.005; 2; 10000; 40000; 0.100; -6; 6; 25
2000010; 101; 102; 11; 4; 150; 0.150; 0.005; 0.005; 0.005; 2; 10000; 40000; 0.100; -6; 6; 25
2000010; 101; 103; 11; 4; 150; 0.150; 0.005; 0.005; 0.005; 2; 10000; 40000; 0.100; -6; 6; 25
2000010; 110; 421; 11; 4; 150; 0.150; 0.005; 0.005; 0.005; 2; 10000; 20000; 0.100; -6; 6; 25
2000010; 110; 422; 11; 1; 150; 0.150; 0.005; 0.005; 0.005; 2; 10000; 20000; 0.100; -6; 6; 25
2000010; 110; 423; 11; 4; 150; 0.150; 0.005; 0.005; 0.005; 2; 10000; 20000; 0.100; -6; 6; 25
2000010; 111; 422; 1; 1; 150; 0.150; 0.005; 0.005; 0.005; 2; 10000; 20000; 0.100; -6; 6; 25
2000010; 111; 424; 11; 4; 150; 0.150; 0.005; 0.005; 0.005; 2; 10000; 20000; 0.100; -6; 6; 25
2000010; 111; 425; 11; 4; 150; 0.150; 0.005; 0.005; 0.005; 2; 10000; 20000; 0.100; -6; 6; 25
2000010; 111; 426; 1; 1; 150; 0.150; 0.005; 0.005; 0.005; 2; 10000; 20000; 0.100; -6; 6; 25
2000010; 111; 427; 1; 1; 150; 0.150; 0.005; 0.005; 0.005; 2; 10000; 20000; 0.100; -6; 6; 25
2000010; 112; 422; 1; 1; 150; 0.150; 0.005; 0.005; 0.005; 2; 10000; 20000; 0.100; -6; 6; 25
2000010; 112; 424; 11; 4; 150; 0.150; 0.005; 0.005; 0.005; 2; 10000; 20000; 0.100; -6; 6; 25
2000010; 112; 425; 11; 4; 150; 0.150; 0.005; 0.005; 0.005; 2; 10000; 20000; 0.100; -6; 6; 25
2000010; 112; 430; 11; 4; 150; 0.150; 0.005; 0.005; 0.005; 2; 10000; 20000; 0.100; -6; 6; 25
2000010; 112; 431; 1; 1; 150; 0.150; 0.005; 0.005; 0.005; 2; 10000; 20000; 0.100; -6; 6; 25
2000010; 112; 432; 1; 1; 150; 0.150; 0.005; 0.005; 0.005; 2; 10000; 20000; 0.100; -6; 6; 25
2000010; 112; 433; 1; 1; 150; 0.150; 0.005; 0.005; 0.005; 2; 10000; 20000; 0.100; -6; 6; 25
2000010; 112; 434; 11; 4; 150; 0.150; 0.005; 0.005; 0.005; 2; 10000; 20000; 0.100; -6; 6; 25
2000010; 112; 435; 11; 4; 150; 0.150; 0.005; 0.005; 0.005; 2; 10000; 20000; 0.100; -6; 6; 25
2000011; 1; 1; 11; 4; 150; 0.150; 0.005; 0.005; 0.005; 2; 10000; 40000; 0.100; -6; 6; 25
2000011; 3; 5; 4; 4; 150; 0.150; 0.005; 0.005; 0.005; 2; 3000; 20000; 0.100; -6; 6; 25
2000011; 11; 11; 11; 4; 150; 0.150; 0.005; 0.005; 0.005; 2; 10000; 40000; 0.100; -6; 6; 25
2000011; 11; 14; 11; 4; 150; 0.150; 0.005; 0.005; 0.005; 2; 10000; 40000; 0.100; -6; 6; 25
2000011; 11; 16; 11; 4; 150; 0.150; 0.005; 0.005; 0.005; 2; 10000; 40000; 0.100; -6; 6; 25
2000011; 101; 102; 11; 4; 150; 0.150; 0.005; 0.005; 0.005; 2; 10000; 40000; 0.100; -6; 6; 25
2000011; 101; 103; 11; 4; 150; 0.150; 0.005; 0.005; 0.005; 2; 10000; 40000; 0.100; -6; 6; 25
2000011; 110; 421; 11; 4; 150; 0.150; 0.005; 0.005; 0.005; 2; 10000; 20000; 0.100; -6; 6; 25
2000011; 110; 422; 11; 1; 150; 0.150; 0.005; 0.005; 0.005; 2; 10000; 20000; 0.100; -6; 6; 25
2000011; 110; 423; 11; 4; 150; 0.150; 0.005; 0.005; 0.005; 2; 10000; 20000; 0.100; -6; 6; 25
2000011; 111; 422; 1; 1; 150; 0.150; 0.005; 0.005; 0.005; 2; 10000; 20000; 0.100; -6; 6; 25
2000011; 111; 424; 11; 4; 150; 0.150; 0.005; 0.005; 0.005; 2; 10000; 20000; 0.100; -6; 6; 25
2000011; 111; 425; 11; 4; 150; 0.150; 0.005; 0.005; 0.005; 2; 10000; 20000; 0.100; -6; 6; 25
2000011; 111; 426; 1; 1; 150; 0.150; 0.005; 0.005; 0.005; 2; 10000; 20000; 0.100; -6; 6; 25
2000011; 111; 427; 1; 1; 150; 0.150; 0.005; 0.005; 0.005; 2; 10000; 20000; 0.100; -6; 6; 25
2000011; 112; 422; 1; 1; 150; 0.150; 0.005; 0.005; 0.005; 2; 10000; 20000; 0.100; -6; 6; 25
2000011; 112; 424; 11; 4; 150; 0.150; 0.005; 0.005; 0.005; 2; 10000; 20000; 0.100; -6; 6; 25
2000011; 112; 425; 11; 4; 150; 0.150; 0.005; 0.005; 0.005; 2; 10000; 20000; 0.100; -6; 6; 25
2000011; 112; 430; 11; 4; 150; 0.150; 0.005; 0.005; 0.005; 2; 10000; 20000; 0.100; -6; 6; 25
2000011; 112; 431; 1; 1; 150; 0.150; 0.005; 0.005; 0.005; 2; 10000; 20000; 0.100; -6; 6; 25
2000011; 112; 432; 1; 1; 150; 0.150; 0.005; 0.005; 0.005; 2; 10000; 20000; 0.100; -6; 6; 25
2000011; 112; 433; 1; 1; 150; 0.150; 0.005; 0.005; 0.005; 2; 10000; 20000; 0.100; -6; 6; 25
2000011; 112; 434; 11; 4; 150; 0.150; 0.005; 0.005; 0.005; 2; 10000; 20000; 0.100; -6; 6; 25
2000011; 112; 435; 11; 4; 150; 0.150; 0.005; 0.005; 0.005; 2; 10000; 20000; 0.100; -6; 6; 25
2000012; 1; 1; 11; 8; 150; 0.150; 0.005; 0.005; 0.005; 2; 10000; 40000; 0.100; -6; 6; 25
2000012; 3; 5; 4; 8; 150; 0.150; 0.005; 0.005; 0.005; 2; 3000; 20000; 0.100; -6; 6; 25
2000012; 11; 11; 11; 8; 150; 0.150; 0.005; 0.005; 0.005; 2; 10000; 40000; 0.100; -6; 6; 25
2000012; 11; 14; 11; 8; 150; 0.150; 0.005; 0.005; 0.005; 2; 10000; 40000; 0.100; -6; 6; 25
2000012; 11; 16; 11; 8; 150; 0.150; 0.005; 0.005; 0.005; 2; 10000; 40000; 0.100; -6; 6; 25
2000012; 101; 102; 11; 8; 150; 0.150; 0.005; 0.005; 0.005; 2; 10000; 40000; 0.100; -6; 6; 25
2000012; 101; 103; 11; 8; 150; 0.150; 0.005; 0.005; 0.005; 2; 10000; 40000; 0.100; -6; 6; 25
2000012; 110; 421; 11; 8; 150; 0.150; 0.005; 0.005; 0.005; 2; 10000; 20000; 0.100; -6; 6; 25
2000012; 110; 422; 11; 1; 150; 0.150; 0.005; 0.005; 0.005; 2; 10000; 20000; 0.100; -6; 6; 25
2000012; 110; 423; 11; 8; 150; 0.150; 0.005; 0.005; 0.005; 2; 10000; 20000; 0.100; -6; 6; 25
2000012; 111; 422; 1; 1; 150; 0.150; 0.005; 0.005; 0.005; 2; 10000; 20000; 0.100; -6; 6; 25
2000012; 111; 424; 11; 8; 150; 0.150; 0.005; 0.005; 0.005; 2; 10000; 20000; 0.100; -6; 6; 25
2000012; 111; 425; 11; 8; 150; 0.150; 0.005; 0.005; 0.005; 2; 10000; 20000; 0.100; -6; 6; 25
2000012; 111; 426; 1; 1; 150; 0.150; 0.005; 0.005; 0.005; 2; 10000; 20000; 0.100; -6; 6; 25
2000012; 111; 427; 1; 1; 150; 0.150; 0.005; 0.005; 0.005; 2; 10000; 20000; 0.100; -6; 6; 25
2000012; 112; 422; 1; 1; 150; 0.150; 0.005; 0.005; 0.005; 2; 10000; 20000; 0.100; -6; 6; 25
2000012; 112; 424; 11; 8; 150; 0.150; 0.005; 0.005; 0.005; 2; 10000; 20000; 0.100; -6; 6; 25
2000012; 112; 425; 11; 8; 150; 0.150; 0.005; 0.005; 0.005; 2; 10000; 20000; 0.100; -6; 6; 25
2000012; 112; 430; 11; 8; 150; 0.150; 0.005; 0.005; 0.005; 2; 10000; 20000; 0.100; -6; 6; 25
2000012; 112; 431; 1; 1; 150; 0.150; 0.005; 0.005; 0.005; 2; 10000; 20000; 0.100; -6; 6; 25
2000012; 112; 432; 1; 1; 150; 0.150; 0.005; 0.005; 0.005; 2; 10000; 20000; 0.100; -6; 6; 25
2000012; 112; 433; 1; 1; 150; 0.150; 0.005; 0.005; 0.005; 2; 10000; 20000; 0.100; -6; 6; 25
2000012; 112; 434; 11; 8; 150; 0.150; 0.005; 0.005; 0.005; 2; 10000; 20000; 0.100; -6; 6; 25
2000012; 112; 435; 11; 8; 150; 0.150; 0.005; 0.005; 0.005; 2; 10000; 20000; 0.100; -6; 6; 25
2000013; 1; 1; 11; 8; 150; 0.150; 0.005; 0.005; 0.005; 2; 10000; 40000; 0.100; -6; 6; 25
2000013; 3; 5; 4; 8; 150; 0.150; 0.005; 0.005; 0.005; 2; 3000; 20000; 0.100; -6; 6; 25
2000013; 11; 11; 11; 8; 150; 0.150; 0.005; 0.005; 0.005; 2; 10000; 40000; 0.100; -6; 6; 25
2000013; 11; 14; 11; 8; 150; 0.150; 0.005; 0.005; 0.005; 2; 10000; 40000; 0.100; -6; 6; 25
2000013; 11; 16; 11; 8; 150; 0.150; 0.005; 0.005; 0.005; 2; 10000; 40000; 0.100; -6; 6; 25
2000013; 101; 102; 11; 8; 150; 0.150; 0.005; 0.005; 0.005; 2; 10000; 40000; 0.100; -6; 6; 25
2000013; 101; 103; 11; 8; 150; 0.150; 0.005; 0.005; 0.005; 2; 10000; 40000; 0.100; -6; 6; 25
2000013; 110; 421; 11; 8; 150; 0.150; 0.005; 0.005; 0.005; 2; 10000; 20000; 0.100; -6; 6; 25
2000013; 110; 422; 11; 1; 150; 0.150; 0.005; 0.005; 0.005; 2; 10000; 20000; 0.100; -6; 6; 25
2000013; 110; 423; 11; 8; 150; 0.150; 0.005; 0.005; 0.005; 2; 10000; 20000; 0.100; -6; 6; 25
2000013; 111; 422; 1; 1; 150; 0.150; 0.005; 0.005; 0.005; 2; 10000; 20000; 0.100; -6; 6; 25
2000013; 111; 424; 11; 8; 150; 0.150; 0.005; 0.005; 0.005; 2; 10000; 20000; 0.100; -6; 6; 25
2000013; 111; 425; 11; 8; 150; 0.150; 0.005; 0.005; 0.005; 2; 10000; 20000; 0.100; -6; 6; 25
2000013; 111; 426; 1; 1; 150; 0.150; 0.005; 0.005; 0.005; 2; 10000; 20000; 0.100; -6; 6; 25
2000013; 111; 427; 1; 1; 150; 0.150; 0.005; 0.005; 0.005; 2; 10000; 20000; 0.100; -6; 6; 25
2000013; 112; 422; 1; 1; 150; 0.150; 0.005; 0.005; 0.005; 2; 10000; 20000; 0.100; -6; 6; 25
2000013; 112; 424; 11; 8; 150; 0.150; 0.005; 0.005; 0.005; 2; 10000; 20000; 0.100; -6; 6; 25
2000013; 112; 425; 11; 8; 150; 0.150; 0.005; 0.005; 0.005; 2; 10000; 20000; 0.100; -6; 6; 25
2000013; 112; 430; 11; 8; 150; 0.150; 0.005; 0.005; 0.005; 2; 10000; 20000; 0.100; -6; 6; 25
2000013; 112; 431; 1; 1; 150; 0.150; 0.005; 0.005; 0.005; 2; 10000; 20000; 0.100; -6; 6; 25
2000013; 112; 432; 1; 1; 150; 0.150; 0.005; 0.005; 0.005; 2; 10000; 20000; 0.100; -6; 6; 25
2000013; 112; 433; 1; 1; 150; 0.150; 0.005; 0.005; 0.005; 2; 10000; 20000; 0.100; -6; 6; 25
2000013; 112; 434; 11; 8; 150; 0.150; 0.005; 0.005; 0.005; 2; 10000; 20000; 0.100; -6; 6; 25
2000013; 112; 435; 11; 8; 150; 0.150; 0.005; 0.005; 0.005; 2; 10000; 20000; 0.100; -6; 6; 25
2000014; 1; 1; 11; 8; 150; 0.150; 0.005; 0.005; 0.005; 2; 10000; 40000; 0.100; -6; 6; 25
2000014; 3; 5; 4; 8; 150; 0.150; 0.005; 0.005; 0.005; 2; 3000; 20000; 0.100; -6; 6; 25
2000014; 11; 11; 11; 8; 150; 0.150; 0.005; 0.005; 0.005; 2; 10000; 40000; 0.100; -6; 6; 25
2000014; 11; 14; 11; 8; 150; 0.150; 0.005; 0.005; 0.005; 2; 10000; 40000; 0.100; -6; 6; 25
2000014; 11; 16; 11; 8; 150; 0.150; 0.005; 0.005; 0.005; 2; 10000; 40000; 0.100; -6; 6; 25
2000014; 101; 102; 11; 8; 150; 0.150; 0.005; 0.005; 0.005; 2; 10000; 40000; 0.100; -6; 6; 25
2000014; 101; 103; 11; 8; 150; 0.150; 0.005; 0.005; 0.005; 2; 10000; 40000; 0.100; -6; 6; 25
2000014; 110; 421; 11; 8; 150; 0.150; 0.005; 0.005; 0.005; 2; 10000; 20000; 0.100; -6; 6; 25
2000014; 110; 422; 11; 1; 150; 0.150; 0.005; 0.005; 0.005; 2; 10000; 20000; 0.100; -6; 6; 25
2000014; 110; 423; 11; 8; 150; 0.150; 0.005; 0.005; 0.005; 2; 10000; 20000; 0.100; -6; 6; 25
2000014; 111; 422; 1; 1; 150; 0.150; 0.005; 0.005; 0.005; 2; 10000; 20000; 0.100; -6; 6; 25
2000014; 111; 424; 11; 8; 150; 0.150; 0.005; 0.005; 0.005; 2; 10000; 20000; 0.100; -6; 6; 25
2000014; 111; 425; 11; 8; 150; 0.150; 0.005; 0.005; 0.005; 2; 10000; 20000; 0.100; -6; 6; 25
2000014; 111; 426; 1; 1; 150; 0.150; 0.005; 0.005; 0.005; 2; 10000; 20000; 0.100; -6; 6; 25
2000014; 111; 427; 1; 1; 150; 0.150; 0.005; 0.005; 0.005; 2; 10000; 20000; 0.100; -6; 6; 25
2000014; 112; 422; 1; 1; 150; 0.150; 0.005; 0.005; 0.005; 2; 10000; 20000; 0.100; -6; 6; 25
2000014; 112; 424; 11; 8; 150; 0.150; 0.005; 0.005; 0.005; 2; 10000; 20000; 0.100; -6; 6; 25
2000014; 112; 425; 11; 8; 150; 0.150; 0.005; 0.005; 0.005; 2; 10000; 20000; 0.100; -6; 6; 25
2000014; 112; 430; 11; 8; 150; 0.150; 0.005; 0.005; 0.005; 2; 10000; 20000; 0.100; -6; 6; 25
2000014; 112; 431; 1; 1; 150; 0.150; 0.005; 0.005; 0.005; 2; 10000; 20000; 0.100; -6; 6; 25
2000014; 112; 432; 1; 1; 150; 0.150; 0.005; 0.005; 0.005; 2; 10000; 20000; 0.100; -6; 6; 25
2000014; 112; 433; 1; 1; 150; 0.150; 0.005; 0.005; 0.005; 2; 10000; 20000; 0.100; -6; 6; 25
2000014; 112; 434; 11; 8; 150; 0.150; 0.005; 0.005; 0.005; 2; 10000; 20000; 0.100; -6; 6; 25
2000014; 112; 435; 11; 8; 150; 0.150; 0.005; 0.005; 0.005; 2; 10000; 20000; 0.100; -6; 6; 25
2000015; 1; 1; 11; 8; 150; 0.150; 0.005; 0.005; 0.005; 2; 10000; 40000; 0.100; -6; 6; 25
2000015; 3; 5; 4; 8; 150; 0.150; 0.005; 0.005; 0.005; 2; 3000; 20000; 0.100; -6; 6; 25
2000015; 11; 11; 11; 8; 150; 0.150; 0.005; 0.005; 0.005; 2; 10000; 40000; 0.100; -6; 6; 25
2000015; 11; 14; 11; 8; 150; 0.150; 0.005; 0.005; 0.005; 2; 10000; 40000; 0.100; -6; 6; 25
2000015; 11; 16; 11; 8; 150; 0.150; 0.005; 0.005; 0.005; 2; 10000; 40000; 0.100; -6; 6; 25
2000015; 101; 102; 11; 8; 150; 0.150; 0.005; 0.005; 0.005; 2; 10000; 40000; 0.100; -6; 6; 25
2000015; 101; 103; 11; 8; 150; 0.150; 0.005; 0.005; 0.005; 2; 10000; 40000; 0.100; -6; 6; 25
2000015; 110; 421; 11; 8; 150; 0.150; 0.005; 0.005; 0.005; 2; 10000; 20000; 0.100; -6; 6; 25
2000015; 110; 422; 11; 1; 150; 0.150; 0.005; 0.005; 0.005; 2; 10000; 20000; 0.100; -6; 6; 25
2000015; 110; 423; 11; 8; 150; 0.150; 0.005; 0.005; 0.005; 2; 10000; 20000; 0.100; -6; 6; 25
2000015; 111; 422; 1; 1; 150; 0.150; 0.005; 0.005; 0.005; 2; 10000; 20000; 0.100; -6; 6; 25
2000015; 111; 424; 11; 8; 150; 0.150; 0.005; 0.005; 0.005; 2; 10000; 20000; 0.100; -6; 6; 25
2000015; 111; 425; 11; 8; 150; 0.150; 0.005; 0.005; 0.005; 2; 10000; 20000; 0.100; -6; 6; 25
2000015; 111; 426; 1; 1; 150; 0.150; 0.005; 0.005; 0.005; 2; 10000; 20000; 0.100; -6; 6; 25
2000015; 111; 427; 1; 1; 150; 0.150; 0.005; 0.005; 0.005; 2; 10000; 20000; 0.100; -6; 6; 25
2000015; 112; 422; 1; 1; 150; 0.150; 0.005; 0.005; 0.005; 2; 10000; 20000; 0.100; -6; 6; 25
2000015; 112; 424; 11; 8; 150; 0.150; 0.005; 0.005; 0.005; 2; 10000; 20000; 0.100; -6; 6; 25
2000015; 112; 425; 11; 8; 150; 0.150; 0.005; 0.005; 0.005; 2; 10000; 20000; 0.100; -6; 6; 25
2000015; 112; 430; 11; 8; 150; 0.150; 0.005; 0.005; 0.005; 2; 10000; 20000; 0.100; -6; 6; 25
2000015; 112; 431; 1; 1; 150; 0.150; 0.005; 0.005; 0.005; 2; 10000; 20000; 0.100; -6; 6; 25
2000015; 112; 432; 1; 1; 150; 0.150; 0.005; 0.005; 0.005; 2; 10000; 20000; 0.100; -6; 6; 25
2000015; 112; 433; 1; 1; 150; 0.150; 0.005; 0.005; 0.005; 2; 10000; 20000; 0.100; -6; 6; 25
2000015; 112; 434; 11; 8; 150; 0.150; 0.005; 0.005; 0.005; 2; 10000; 20000; 0.100; -6; 6; 25
2000015; 112; 435; 11; 8; 150; 0.150; 0.005; 0.005; 0.005; 2; 10000; 20000; 0.100; -6; 6; 25
2000016; 1; 1; 11; 8; 150; 0.150; 0.005; 0.005; 0.005; 2; 10000; 40000; 0.100; -6; 6; 25
2000016; 3; 5; 4; 8; 150; 0.150; 0.005; 0.005; 0.005; 2; 3000; 20000; 0.100; -6; 6; 25
2000016; 11; 11; 11; 8; 150; 0.150; 0.005; 0.005; 0.005; 2; 10000; 40000; 0.100; -6; 6; 25
2000016; 11; 14; 11; 8; 150; 0.150; 0.005; 0.005; 0.005; 2; 10000; 40000; 0.100; -6; 6; 25
2000016; 11; 16; 11; 8; 150; 0.150; 0.005; 0.005; 0.005; 2; 10000; 40000; 0.100; -6; 6; 25
2000016; 101; 102; 11; 8; 150; 0.150; 0.005; 0.005; 0.005; 2; 10000; 40000; 0.100; -6; 6; 25
2000016; 101; 103; 11; 8; 150; 0.150; 0.005; 0.005; 0.005; 2; 10000; 40000; 0.100; -6; 6; 25
2000016; 110; 421; 11; 8; 150; 0.150; 0.005; 0.005; 0.005; 2; 10000; 20000; 0.100; -6; 6; 25
2000016; 110; 422; 11; 1; 150; 0.150; 0.005; 0.005; 0.005; 2; 10000; 20000; 0.100; -6; 6; 25
2000016; 110; 423; 11; 8; 150; 0.150; 0.005; 0.005; 0.005; 2; 10000; 20000; 0.100; -6; 6; 25
2000016; 111; 422; 1; 1; 150; 0.150; 0.005; 0.005; 0.005; 2; 10000; 20000; 0.100; -6; 6; 25
2000016; 111; 424; 11; 8; 150; 0.150; 0.005; 0.005; 0.005; 2; 10000; 20000; 0.100; -6; 6; 25
2000016; 111; 425; 11; 8; 150; 0.150; 0.005; 0.005; 0.005; 2; 10000; 20000; 0.100; -6; 6; 25
2000016; 111; 426; 1; 1; 150; 0.150; 0.005; 0.005; 0.005; 2; 10000; 20000; 0.100; -6; 6; 25
2000016; 111; 427; 1; 1; 150; 0.150; 0.005; 0.005; 0.005; 2; 10000; 20000; 0.100; -6; 6; 25
2000016; 112; 422; 1; 1; 150; 0.150; 0.005; 0.005; 0.005; 2; 10000; 20000; 0.100; -6; 6; 25
2000016; 112; 424; 11; 8; 150; 0.150; 0.005; 0.005; 0.005; 2; 10000; 20000; 0.100; -6; 6; 25
2000016; 112; 425; 11; 8; 150; 0.150; 0.005; 0.005; 0.005; 2; 10000; 20000; 0.100; -6; 6; 25
2000016; 112; 430; 11; 8; 150; 0.150; 0.005; 0.005; 0.005; 2; 10000; 20000; 0.100; -6; 6; 25
2000016; 112; 431; 1; 1; 150; 0.150; 0.005; 0.005; 0.005; 2; 10000; 20000; 0.100; -6; 6; 25
2000016; 112; 432; 1; 1; 150; 0.150; 0.005; 0.005; 0.005; 2; 10000; 20000; 0.100; -6; 6; 25
2000016; 112; 433; 1; 1; 150; 0.150; 0.005; 0.005; 0.005; 2; 10000; 20000; 0.100; -6; 6; 25
2000016; 112; 434; 11; 8; 150; 0.150; 0.005; 0.005; 0.005; 2; 10000; 20000; 0.100; -6; 6; 25
2000016; 112; 435; 11; 8; 150; 0.150; 0.005; 0.005; 0.005; 2; 10000; 20000; 0.100; -6; 6; 25
2000017; 1; 1; 11; 8; 150; 0.150; 0.005; 0.005; 0.005; 2; 10000; 40000; 0.100; -6; 6; 25
2000017; 3; 5; 4; 8; 150; 0.150; 0.005; 0.005; 0.005; 2; 3000; 20000; 0.100; -6; 6; 25
2000017; 11; 11; 11; 8; 150; 0.150; 0.005; 0.005; 0.005; 2; 10000; 40000; 0.100; -6; 6; 25
2000017; 11; 14; 11; 8; 150; 0.150; 0.005; 0.005; 0.005; 2; 10000; 40000; 0.100; -6; 6; 25
2000017; 11; 16; 11; 8; 150; 0.150; 0.005; 0.005; 0.005; 2; 10000; 40000; 0.100; -6; 6; 25
2000017; 101; 102; 11; 8; 150; 0.150; 0.005; 0.005; 0.005; 2; 10000; 40000; 0.100; -6; 6; 25
2000017; 101; 103; 11; 8; 150; 0.150; 0.005; 0.005; 0.005; 2; 10000; 40000; 0.100; -6; 6; 25
2000017; 110; 421; 11; 8; 150; 0.150; 0.005; 0.005; 0.005; 2; 10000; 20000; 0.100; -6; 6; 25
2000017; 110; 422; 11; 1; 150; 0.150; 0.005; 0.005; 0.005; 2; 10000; 20000; 0.100; -6; 6; 25
2000017; 110; 423; 11; 8; 150; 0.150; 0.005; 0.005; 0.005; 2; 10000; 20000; 0.100; -6; 6; 25
2000017; 111; 422; 1; 1; 150; 0.150; 0.005; 0.005; 0.005; 2; 10000; 20000; 0.100; -6; 6; 25
2000017; 111; 424; 11; 8; 150; 0.150; 0.005; 0.005; 0.005; 2; 10000; 20000; 0.100; -6; 6; 25
2000017; 111; 425; 11; 8; 150; 0.150; 0.005; 0.005; 0.005; 2; 10000; 20000; 0.100; -6; 6; 25
2000017; 111; 426; 1; 1; 150; 0.150; 0.005; 0.005; 0.005; 2; 10000; 20000; 0.100; -6; 6; 25
2000017; 111; 427; 1; 1; 150; 0.150; 0.005; 0.005; 0.005; 2; 10000; 20000; 0.100; -6; 6; 25
2000017; 112; 422; 1; 1; 150; 0.150; 0.005; 0.005; 0.005; 2; 10000; 20000; 0.100; -6; 6; 25
2000017; 112; 424; 11; 8; 150; 0.150; 0.005; 0.005; 0.005; 2; 10000; 20000; 0.100; -6; 6; 25
2000017; 112; 425; 11; 8; 150; 0.150; 0.005; 0.005; 0.005; 2; 10000; 20000; 0.100; -6; 6; 25
2000017; 112; 430; 11; 8; 150; 0.150; 0.005; 0.005; 0.005; 2; 10000; 20000; 0.100; -6; 6; 25
2000017; 112; 431; 1; 1; 150; 0.150; 0.005; 0.005; 0.005; 2; 10000; 20000; 0.100; -6; 6; 25
2000017; 112; 432; 1; 1; 150; 0.150; 0.005; 0.005; 0.005; 2; 10000; 20000; 0.100; -6; 6; 25
2000017; 112; 433; 1; 1; 150; 0.150; 0.005; 0.005; 0.005; 2; 10000; 20000; 0.100; -6; 6; 25
2000017; 112; 434; 11; 8; 150; 0.150; 0.005; 0.005; 0.005; 2; 10000; 20000; 0.100; -6; 6; 25
2000017; 112; 435; 11; 8; 150; 0.150; 0.005; 0.005; 0.005; 2; 10000; 20000; 0.100; -6; 6; 25
2000018; 1; 1; 11; 8; 150; 0.150; 0.005; 0.005; 0.005; 2; 10000; 40000; 0.100; -6; 6; 25
2000018; 3; 5; 4; 8; 150; 0.150; 0.005; 0.005; 0.005; 2; 3000; 20000; 0.100; -6; 6; 25
2000018; 11; 11; 11; 8; 150; 0.150; 0.005; 0.005; 0.005; 2; 10000; 40000; 0.100; -6; 6; 25
2000018; 11; 14; 11; 8; 150; 0.150; 0.005; 0.005; 0.005; 2; 10000; 40000; 0.100; -6; 6; 25
2000018; 11; 16; 11; 8; 150; 0.150; 0.005; 0.005; 0.005; 2; 10000; 40000; 0.100; -6; 6; 25
2000018; 101; 102; 11; 8; 150; 0.150; 0.005; 0.005; 0.005; 2; 10000; 40000; 0.100; -6; 6; 25
2000018; 101; 103; 11; 8; 150; 0.150; 0.005; 0.005; 0.005; 2; 10000; 40000; 0.100; -6; 6; 25
2000018; 110; 421; 11; 8; 150; 0.150; 0.005; 0.005; 0.005; 2; 10000; 20000; 0.100; -6; 6; 25
2000018; 110; 422; 11; 1; 150; 0.150; 0.005; 0.005; 0.005; 2; 10000; 20000; 0.100; -6; 6; 25
2000018; 110; 423; 11; 8; 150; 0.150; 0.005; 0.005; 0.005; 2; 10000; 20000; 0.100; -6; 6; 25
2000018; 111; 422; 1; 1; 150; 0.150; 0.005; 0.005; 0.005; 2; 10000; 20000; 0.100; -6; 6; 25
2000018; 111; 424; 11; 8; 150; 0.150; 0.005; 0.005; 0.005; 2; 10000; 20000; 0.100; -6; 6; 25
2000018; 111; 425; 11; 8; 150; 0.150; 0.005; 0.005; 0.005; 2; 10000; 20000; 0.100; -6; 6; 25
2000018; 111; 426; 1; 1; 150; 0.150; 0.005; 0.005; 0.005; 2; 10000; 20000; 0.100; -6; 6; 25
2000018; 111; 427; 1; 1; 150; 0.150; 0.005; 0.005; 0.005; 2; 10000; 20000; 0.100; -6; 6; 25
2000018; 112; 422; 1; 1; 150; 0.150; 0.005; 0.005; 0.005; 2; 10000; 20000; 0.100; -6; 6; 25
2000018; 112; 424; 11; 8; 150; 0.150; 0.005; 0.005; 0.005; 2; 10000; 20000; 0.100; -6; 6; 25
2000018; 112; 425; 11; 8; 150; 0.150; 0.005; 0.005; 0.005; 2; 10000; 20000; 0.100; -6; 6; 25
2000018; 112; 430; 11; 8; 150; 0.150; 0.005; 0.005; 0.005; 2; 10000; 20000; 0.100; -6; 6; 25
2000018; 112; 431; 1; 1; 150; 0.150; 0.005; 0.005; 0.005; 2; 10000; 20000; 0.100; -6; 6; 25
2000018; 112; 432; 1; 1; 150; 0.150; 0.005; 0.005; 0.005; 2; 10000; 20000; 0.100; -6; 6; 25
2000018; 112; 433; 1; 1; 150; 0.150; 0.005; 0.005; 0.005; 2; 10000; 20000; 0.100; -6; 6; 25
2000018; 112; 434; 11; 8; 150; 0.150; 0.005; 0.005; 0.005; 2; 10000; 20000; 0.100; -6; 6; 25
2000018; 112; 435; 11; 8; 150; 0.150; 0.005; 0.005; 0.005; 2; 10000; 20000; 0.100; -6; 6; 25
2000019; 1; 1; 11; 8; 150; 0.150; 0.005; 0.005; 0.005; 2; 10000; 40000; 0.100; -6; 6; 25
2000019; 3; 5; 4; 8; 150; 0.150; 0.005; 0.005; 0.005; 2; 3000; 20000; 0.100; -6; 6; 25
2000019; 11; 11; 11; 8; 150; 0.150; 0.005; 0.005; 0.005; 2; 10000; 40000; 0.100; -6; 6; 25
2000019; 11; 14; 11; 8; 150; 0.150; 0.005; 0.005; 0.005; 2; 10000; 40000; 0.100; -6; 6; 25
2000019; 11; 16; 11; 8; 150; 0.150; 0.005; 0.005; 0.005; 2; 10000; 40000; 0.100; -6; 6; 25
2000019; 101; 102; 11; 8; 150; 0.150; 0.005; 0.005; 0.005; 2; 10000; 40000; 0.100; -6; 6; 25
2000019; 101; 103; 11; 8; 150; 0.150; 0.005; 0.005; 0.005; 2; 10000; 40000; 0.100; -6; 6; 25
2000019; 110; 421; 11; 8; 150; 0.150; 0.005; 0.005; 0.005; 2; 10000; 20000; 0.100; -6; 6; 25
2000019; 110; 422; 11; 1; 150; 0.150; 0.005; 0.005; 0.005; 2; 10000; 20000; 0.100; -6; 6; 25
2000019; 110; 423; 11; 8; 150; 0.150; 0.005; 0.005; 0.005; 2; 10000; 20000; 0.100; -6; 6; 25
2000019; 111; 422; 1; 1; 150; 0.150; 0.005; 0.005; 0.005; 2; 10000; 20000; 0.100; -6; 6; 25
2000019; 111; 424; 11; 8; 150; 0.150; 0.005; 0.005; 0.005; 2; 10000; 20000; 0.100; -6; 6; 25
2000019; 111; 425; 11; 8; 150; 0.150; 0.005; 0.005; 0.005; 2; 10000; 20000; 0.100; -6; 6; 25
2000019; 111; 426; 1; 1; 150; 0.150; 0.005; 0.005; 0.005; 2; 10000; 20000; 0.100; -6; 6; 25
2000019; 111; 427; 1; 1; 150; 0.150; 0.005; 0.005; 0.005; 2; 10000; 20000; 0.100; -6; 6; 25
2000019; 112; 422; 1; 1; 150; 0.150; 0.005; 0.005; 0.005; 2; 10000; 20000; 0.100; -6; 6; 25
2000019; 112; 424; 11; 8; 150; 0.150; 0.005; 0.005; 0.005; 2; 10000; 20000; 0.100; -6; 6; 25
2000019; 112; 425; 11; 8; 150; 0.150; 0.005; 0.005; 0.005; 2; 10000; 20000; 0.100; -6; 6; 25
2000019; 112; 430; 11; 8; 150; 0.150; 0.005; 0.005; 0.005; 2; 10000; 20000; 0.100; -6; 6; 25
2000019; 112; 431; 1; 1; 150; 0.150; 0.005; 0.005; 0.005; 2; 10000; 20000; 0.100; -6; 6; 25
2000019; 112; 432; 1; 1; 150; 0.150; 0.005; 0.005; 0.005; 2; 10000; 20000; 0.100; -6; 6; 25
2000019; 112; 433; 1; 1; 150; 0.150; 0.005; 0.005; 0.005; 2; 10000; 20000; 0.100; -6; 6; 25
2000019; 112; 434; 11; 8; 150; 0.150; 0.005; 0.005; 0.005; 2; 10000; 20000; 0.100; -6; 6; 25
2000019; 112; 435; 11; 8; 150; 0.150; 0.005; 0.005; 0.005; 2; 10000; 20000; 0.100; -6; 6; 25
2000020; 1; 1; 11; 8; 150; 0.150; 0.005; 0.005; 0.005; 2; 10000; 40000; 0.100; -6; 6; 25
2000020; 3; 5; 4; 8; 150; 0.150; 0.005; 0.005; 0.005; 2; 3000; 20000; 0.100; -6; 6; 25
2000020; 11; 11; 11; 8; 150; 0.150; 0.005; 0.005; 0.005; 2; 10000; 40000; 0.100; -6; 6; 25
2000020; 11; 14; 11; 8; 150; 0.150; 0.005; 0.005; 0.005; 2; 10000; 40000; 0.100; -6; 6; 25
2000020; 11; 16; 11; 8; 150; 0.150; 0.005; 0.005; 0.005; 2; 10000; 40000; 0.100; -6; 6; 25
2000020; 101; 102; 11; 8; 150; 0.150; 0.005; 0.005; 0.005; 2; 10000; 40000; 0.100; -6; 6; 25
2000020; 101; 103; 11; 8; 150; 0.150; 0.005; 0.005; 0.005; 2; 10000; 40000; 0.100; -6; 6; 25
2000020; 110; 421; 11; 8; 150; 0.150; 0.005; 0.005; 0.005; 2; 10000; 20000; 0.100; -6; 6; 25
2000020; 110; 422; 11; 1; 150; 0.150; 0.005; 0.005; 0.005; 2; 10000; 20000; 0.100; -6; 6; 25
2000020; 110; 423; 11; 8; 150; 0.150; 0.005; 0.005; 0.005; 2; 10000; 20000; 0.100; -6; 6; 25
2000020; 111; 422; 1; 1; 150; 0.150; 0.005; 0.005; 0.005; 2; 10000; 20000; 0.100; -6; 6; 25
2000020; 111; 424; 11; 8; 150; 0.150; 0.005; 0.005; 0.005; 2; 10000; 20000; 0.100; -6; 6; 25
2000020; 111; 425; 11; 8; 150; 0.150; 0.005; 0.005; 0.005; 2; 10000; 20000; 0.100; -6; 6; 25
2000020; 111; 426; 1; 1; 150; 0.150; 0.005; 0.005; 0.005; 2; 10000; 20000; 0.100; -6; 6; 25
2000020; 111; 427; 1; 1; 150; 0.150; 0.005; 0.005; 0.005; 2; 10000; 20000; 0.100; -6; 6; 25
2000020; 112; 422; 1; 1; 150; 0.150; 0.005; 0.005; 0.005; 2; 10000; 20000; 0.100; -6; 6; 25
2000020; 112; 424; 11; 8; 150; 0.150; 0.005; 0.005; 0.005; 2; 10000; 20000; 0.100; -6; 6; 25
2000020; 112; 425; 11; 8; 150; 0.150; 0.005; 0.005; 0.005; 2; 10000; 20000; 0.100; -6; 6; 25
2000020; 112; 430; 11; 8; 150; 0.150; 0.005; 0.005; 0.005; 2; 10000; 20000; 0.100; -6; 6; 25
2000020; 112; 431; 1; 1; 150; 0.150; 0.005; 0.005; 0.005; 2; 10000; 20000; 0.100; -6; 6; 25
2000020; 112; 432; 1; 1; 150; 0.150; 0.005; 0.005; 0.005; 2; 10000; 20000; 0.100; -6; 6; 25
2000020; 112; 433; 1; 1; 150; 0.150; 0.005; 0.005; 0.005; 2; 10000; 20000; 0.100; -6; 6; 25
2000020; 112; 434; 11; 8; 150; 0.150; 0.005; 0.005; 0.005; 2; 10000; 20000; 0.100; -6; 6; 25
2000020; 112; 435; 11; 8; 150; 0.150; 0.005; 0.005; 0.005; 2; 10000; 20000; 0.100; -6; 6; 25
2000021; 1; 1; 11; 8; 150; 0.150; 0.005; 0.005; 0.005; 2; 10000; 40000; 0.100; -6; 6; 25
2000021; 3; 5; 4; 8; 150; 0.150; 0.005; 0.005; 0.005; 2; 3000; 20000; 0.100; -6; 6; 25
2000021; 11; 11; 11; 8; 150; 0.150; 0.005; 0.005; 0.005; 2; 10000; 40000; 0.100; -6; 6; 25
2000021; 11; 14; 11; 8; 150; 0.150; 0.005; 0.005; 0.005; 2; 10000; 40000; 0.100; -6; 6; 25
2000021; 11; 16; 11; 8; 150; 0.150; 0.005; 0.005; 0.005; 2; 10000; 40000; 0.100; -6; 6; 25
2000021; 101; 102; 11; 8; 150; 0.150; 0.005; 0.005; 0.005; 2; 10000; 40000; 0.100; -6; 6; 25
2000021; 101; 103; 11; 8; 150; 0.150; 0.005; 0.005; 0.005; 2; 10000; 40000; 0.100; -6; 6; 25
2000021; 110; 421; 11; 8; 150; 0.150; 0.005; 0.005; 0.005; 2; 10000; 20000; 0.100; -6; 6; 25
2000021; 110; 422; 11; 1; 150; 0.150; 0.005; 0.005; 0.005; 2; 10000; 20000; 0.100; -6; 6; 25
2000021; 110; 423; 11; 8; 150; 0.150; 0.005; 0.005; 0.005; 2; 10000; 20000; 0.100; -6; 6; 25
2000021; 111; 422; 1; 1; 150; 0.150; 0.005; 0.005; 0.005; 2; 10000; 20000; 0.100; -6; 6; 25
2000021; 111; 424; 11; 8; 150; 0.150; 0.005; 0.005; 0.005; 2; 10000; 20000; 0.100; -6; 6; 25
2000021; 111; 425; 11; 8; 150; 0.150; 0.005; 0.005; 0.005; 2; 10000; 20000; 0.100; -6; 6; 25
2000021; 111; 426; 1; 1; 150; 0.150; 0.005; 0.005; 0.005; 2; 10000; 20000; 0.100; -6; 6; 25
2000021; 111; 427; 1; 1; 150; 0.150; 0.005; 0.005; 0.005; 2; 10000; 20000; 0.100; -6; 6; 25
2000021; 112; 422; 1; 1; 150; 0.150; 0.005; 0.005; 0.005; 2; 10000; 20000; 0.100; -6; 6; 25
2000021; 112; 424; 11; 8; 150; 0.150; 0.005; 0.005; 0.005; 2; 10000; 20000; 0.100; -6; 6; 25
2000021; 112; 425; 11; 8; 150; 0.150; 0.005; 0.005; 0.005; 2; 10000; 20000; 0.100; -6; 6; 25
2000021; 112; 430; 11; 8; 150; 0.150; 0.005; 0.005; 0.005; 2; 10000; 20000; 0.100; -6; 6; 25
2000021; 112; 431; 1; 1; 150; 0.150; 0.005; 0.005; 0.005; 2; 10000; 20000; 0.100; -6; 6; 25
2000021; 112; 432; 1; 1; 150; 0.150; 0.005; 0.005; 0.005; 2; 10000; 20000; 0.100; -6; 6; 25
2000021; 112; 433; 1; 1; 150; 0.150; 0.005; 0.005; 0.005; 2; 10000; 20000; 0.100; -6; 6; 25
2000021; 112; 434; 11; 8; 150; 0.150; 0.005; 0.005; 0.005; 2; 10000; 20000; 0.100; -6; 6; 25
2000021; 112; 435; 11; 8; 150; 0.150; 0.005; 0.005; 0.005; 2; 10000; 20000; 0.100; -6; 6; 25
2000022; 1; 1; 11; 8; 150; 0.150; 0.005; 0.005; 0.005; 2; 10000; 40000; 0.100; -6; 6; 25
2000022; 3; 5; 4; 8; 150; 0.150; 0.005; 0.005; 0.005; 2; 3000; 20000; 0.100; -6; 6; 25
2000022; 11; 11; 11; 8; 150; 0.150; 0.005; 0.005; 0.005; 2; 10000; 40000; 0.100; -6; 6; 25
2000022; 11; 14; 11; 8; 150; 0.150; 0.005; 0.005; 0.005; 2; 10000; 40000; 0.100; -6; 6; 25
2000022; 11; 16; 11; 8; 150; 0.150; 0.005; 0.005; 0.005; 2; 10000; 40000; 0.100; -6; 6; 25
2000022; 101; 102; 11; 8; 150; 0.150; 0.005; 0.005; 0.005; 2; 10000; 40000; 0.100; -6; 6; 25
2000022; 101; 103; 11; 8; 150; 0.150; 0.005; 0.005; 0.005; 2; 10000; 40000; 0.100; -6; 6; 25
2000022; 110; 421; 11; 8; 150; 0.150; 0.005; 0.005; 0.005; 2; 10000; 20000; 0.100; -6; 6; 25
2000022; 110; 422; 11; 1; 150; 0.150; 0.005; 0.005; 0.005; 2; 10000; 20000; 0.100; -6; 6; 25
2000022; 110; 423; 11; 8; 150; 0.150; 0.005; 0.005; 0.005; 2; 10000; 20000; 0.100; -6; 6; 25
2000022; 111; 422; 1; 1; 150; 0.150; 0.005; 0.005; 0.005; 2; 10000; 20000; 0.100; -6; 6; 25
2000022; 111; 424; 11; 8; 150; 0.150; 0.005; 0.005; 0.005; 2; 10000; 20000; 0.100; -6; 6; 25
2000022; 111; 425; 11; 8; 150; 0.150; 0.005; 0.005; 0.005; 2; 10000; 20000; 0.100; -6; 6; 25
2000022; 111; 426; 1; 1; 150; 0.150; 0.005; 0.005; 0.005; 2; 10000; 20000; 0.100; -6; 6; 25
2000022; 111; 427; 1; 1; 150; 0.150; 0.005; 0.005; 0.005; 2; 10000; 20000; 0.100; -6; 6; 25
2000022; 112; 422; 1; 1; 150; 0.150; 0.005; 0.005; 0.005; 2; 10000; 20000; 0.100; -6; 6; 25
2000022; 112; 424; 11; 8; 150; 0.150; 0.005; 0.005; 0.005; 2; 10000; 20000; 0.100; -6; 6; 25
2000022; 112; 425; 11; 8; 150; 0.150; 0.005; 0.005; 0.005; 2; 10000; 20000; 0.100; -6; 6; 25
2000022; 112; 430; 11; 8; 150; 0.150; 0.005; 0.005; 0.005; 2; 10000; 20000; 0.100; -6; 6; 25
2000022; 112; 431; 1; 1; 150; 0.150; 0.005; 0.005; 0.005; 2; 10000; 20000; 0.100; -6; 6; 25
2000022; 112; 432; 1; 1; 150; 0.150; 0.005; 0.005; 0.005; 2; 10000; 20000; 0.100; -6; 6; 25
2000022; 112; 433; 1; 1; 150; 0.150; 0.005; 0.005; 0.005; 2; 10000; 20000; 0.100; -6; 6; 25
2000022; 112; 434; 11; 8; 150; 0.150; 0.005; 0.005; 0.005; 2; 10000; 20000; 0.100; -6; 6; 25
2000022; 112; 435; 11; 8; 150; 0.150; 0.005; 0.005; 0.005; 2; 10000; 20000; 0.100; -6; 6; 25
2000023; 1; 1; 11; 8; 150; 0.150; 0.005; 0.005; 0.005; 2; 10000; 40000; 0.100; -6; 6; 25
2000023; 3; 5; 4; 8; 150; 0.150; 0.005; 0.005; 0.005; 2; 3000; 20000; 0.100; -6; 6; 25
2000023; 11; 11; 11; 8; 150; 0.150; 0.005; 0.005; 0.005; 2; 10000; 40000; 0.100; -6; 6; 25
2000023; 11; 14; 11; 8; 150; 0.150; 0.005; 0.005; 0.005; 2; 10000; 40000; 0.100; -6; 6; 25
2000023; 11; 16; 11; 8; 150; 0.150; 0.005; 0.005; 0.005; 2; 10000; 40000; 0.100; -6; 6; 25
2000023; 101; 102; 11; 8; 150; 0.150; 0.005; 0.005; 0.005; 2; 10000; 40000; 0.100; -6; 6; 25
2000023; 101; 103; 11; 8; 150; 0.150; 0.005; 0.005; 0.005; 2; 10000; 40000; 0.100; -6; 6; 25
2000023; 110; 421; 11; 8; 150; 0.150; 0.005; 0.005; 0.005; 2; 10000; 20000; 0.100; -6; 6; 25
2000023; 110; 422; 11; 1; 150; 0.150; 0.005; 0.005; 0.005; 2; 10000; 20000; 0.100; -6; 6; 25
2000023; 110; 423; 11; 8; 150; 0.150; 0.005; 0.005; 0.005; 2; 10000; 20000; 0.100; -6; 6; 25
2000023; 111; 422; 1; 1; 150; 0.150; 0.005; 0.005; 0.005; 2; 10000; 20000; 0.100; -6; 6; 25
2000023; 111; 424; 11; 8; 150; 0.150; 0.005; 0.005; 0.005; 2; 10000; 20000; 0.100; -6; 6; 25
2000023; 111; 425; 11; 8; 150; 0.150; 0.005; 0.005; 0.005; 2; 10000; 20000; 0.100; -6; 6; 25
2000023; 111; 426; 1; 1; 150; 0.150; 0.005; 0.005; 0.005; 2; 10000; 20000; 0.100; -6; 6; 25
2000023; 111; 427; 1; 1; 150; 0.150; 0.005; 0.005; 0.005; 2; 10000; 20000; 0.100; -6; 6; 25
2000023; 112; 422; 1; 1; 150; 0.150; 0.005; 0.005; 0.005; 2; 10000; 20000; 0.100; -6; 6; 25
2000023; 112; 424; 11; 8; 150; 0.150; 0.005; 0.005; 0.005; 2; 10000; 20000; 0.100; -6; 6; 25
2000023; 112; 425; 11; 8; 150; 0.150; 0.005; 0.005; 0.005; 2; 10000; 20000; 0.100; -6; 6; 25
2000023; 112; 430; 11; 8; 150; 0.150; 0.005; 0.005; 0.005; 2; 10000; 20000; 0.100; -6; 6; 25
2000023; 112; 431; 1; 1; 150; 0.150; 0.005; 0.005; 0.005; 2; 10000; 20000; 0.100; -6; 6; 25
2000023; 112; 432; 1; 1; 150; 0.150; 0.005; 0.005; 0.005; 2; 10000; 20000; 0.100; -6; 6; 25
2000023; 112; 433; 1; 1; 150; 0.150; 0.005; 0.005; 0.005; 2; 10000; 20000; 0.100; -6; 6; 25
2000023; 112; 434; 11; 8; 150; 0.150; 0.005; 0.005; 0.005; 2; 10000; 20000; 0.100; -6; 6; 25
2000023; 112; 435; 11; 8; 150; 0.150; 0.005; 0.005; 0.005; 2; 10000; 20000; 0.100; -6; 6; 25
2000024; 1; 1; 11; 8; 150; 0.150; 0.005; 0.005; 0.005; 2; 10000; 40000; 0.100; -6; 6; 25
2000024; 3; 5; 4; 8; 150; 0.150; 0.005; 0.005; 0.005; 2; 3000; 20000; 0.100; -6; 6; 25
2000024; 11; 11; 11; 8; 150; 0.150; 0.005; 0.005; 0.005; 2; 10000; 40000; 0.100; -6; 6; 25
2000024; 11; 14; 11; 8; 150; 0.150; 0.005; 0.005; 0.005; 2; 10000; 40000; 0.100; -6; 6; 25
2000024; 11; 16; 11; 8; 150; 0.150; 0.005; 0.005; 0.005; 2; 10000; 40000; 0.100; -6; 6; 25
2000024; 101; 102; 11; 8; 150; 0.150; 0.005; 0.005; 0.005; 2; 10000; 40000; 0.100; -6; 6; 25
2000024; 101; 103; 11; 8; 150; 0.150; 0.005; 0.005; 0.005; 2; 10000; 40000; 0.100; -6; 6; 25
2000024; 110; 421; 11; 8; 150; 0.150; 0.005; 0.005; 0.005; 2; 10000; 20000; 0.100; -6; 6; 25
2000024; 110; 422; 11; 1; 150; 0.150; 0.005; 0.005; 0.005; 2; 10000; 20000; 0.100; -6; 6; 25
2000024; 110; 423; 11; 8; 150; 0.150; 0.005; 0.005; 0.005; 2; 10000; 20000; 0.100; -6; 6; 25
2000024; 111; 422; 1; 1; 150; 0.150; 0.005; 0.005; 0.005; 2; 10000; 20000; 0.100; -6; 6; 25
2000024; 111; 424; 11; 8; 150; 0.150; 0.005; 0.005; 0.005; 2; 10000; 20000; 0.100; -6; 6; 25
2000024; 111; 425; 11; 8; 150; 0.150; 0.005; 0.005; 0.005; 2; 10000; 20000; 0.100; -6; 6; 25
2000024; 111; 426; 1; 1; 150; 0.150; 0.005; 0.005; 0.005; 2; 10000; 20000; 0.100; -6; 6; 25
2000024; 111; 427; 1; 1; 150; 0.150; 0.005; 0.005; 0.005; 2; 10000; 20000; 0.100; -6; 6; 25
2000024; 112; 422; 1; 1; 150; 0.150; 0.005; 0.005; 0.005; 2; 10000; 20000; 0.100; -6; 6; 25
2000024; 112; 424; 11; 8; 150; 0.150; 0.005; 0.005; 0.005; 2; 10000; 20000; 0.100; -6; 6; 25
2000024; 112; 425; 11; 8; 150; 0.150; 0.005; 0.005; 0.005; 2; 10000; 20000; 0.100; -6; 6; 25
2000024; 112; 430; 11; 8; 150; 0.150; 0.005; 0.005; 0.005; 2; 10000; 20000; 0.100; -6; 6; 25
2000024; 112; 431; 1; 1; 150; 0.150; 0.005; 0.005; 0.005; 2; 10000; 20000; 0.100; -6; 6; 25
2000024; 112; 432; 1; 1; 150; 0.150; 0.005; 0.005; 0.005; 2; 10000; 20000; 0.100; -6; 6; 25
2000024; 112; 433; 1; 1; 150; 0.150; 0.005; 0.005; 0.005; 2; 10000; 20000; 0.100; -6; 6; 25
2000024; 112; 434; 11; 8; 150; 0.150; 0.005; 0.005; 0.005; 2; 10000; 20000; 0.100; -6; 6; 25
2000024; 112; 435; 11; 8; 150; 0.150; 0.005; 0.005; 0.005; 2; 10000; 20000; 0.100; -6; 6; 25
2000025; 1; 1; 11; 8; 150; 0.150; 0.005; 0.005; 0.005; 2; 10000; 40000; 0.100; -6; 6; 25
2000025; 3; 5; 4; 8; 150; 0.150; 0.005; 0.005; 0.005; 2; 3000; 20000; 0.100; -6; 6; 25
2000025; 11; 11; 11; 8; 150; 0.150; 0.005; 0.005; 0.005; 2; 10000; 40000; 0.100; -6; 6; 25
2000025; 11; 14; 11; 8; 150; 0.150; 0.005; 0.005; 0.005; 2; 10000; 40000; 0.100; -6; 6; 25
2000025; 11; 16; 11; 8; 150; 0.150; 0.005; 0.005; 0.005; 2; 10000; 40000; 0.100; -6; 6; 25
2000025; 101; 102; 11; 8; 150; 0.150; 0.005; 0.005; 0.005; 2; 10000; 40000; 0.100; -6; 6; 25
2000025; 101; 103; 11; 8; 150; 0.150; 0.005; 0.005; 0.005; 2; 10000; 40000; 0.100; -6; 6; 25
2000025; 110; 421; 11; 8; 150; 0.150; 0.005; 0.005; 0.005; 2; 10000; 20000; 0.100; -6; 6; 25
2000025; 110; 422; 11; 1; 150; 0.150; 0.005; 0.005; 0.005; 2; 10000; 20000; 0.100; -6; 6; 25
2000025; 110; 423; 11; 8; 150; 0.150; 0.005; 0.005; 0.005; 2; 10000; 20000; 0.100; -6; 6; 25
2000025; 111; 422; 1; 1; 150; 0.150; 0.005; 0.005; 0.005; 2; 10000; 20000; 0.100; -6; 6; 25
2000025; 111; 424; 11; 8; 150; 0.150; 0.005; 0.005; 0.005; 2; 10000; 20000; 0.100; -6; 6; 25
2000025; 111; 425; 11; 8; 150; 0.150; 0.005; 0.005; 0.005; 2; 10000; 20000; 0.100; -6; 6; 25
2000025; 111; 426; 1; 1; 150; 0.150; 0.005; 0.005; 0.005; 2; 10000; 20000; 0.100; -6; 6; 25
2000025; 111; 427; 1; 1; 150; 0.150; 0.005; 0.005; 0.005; 2; 10000; 20000; 0.100; -6; 6; 25
2000025; 112; 422; 1; 1; 150; 0.150; 0.005; 0.005; 0.005; 2; 10000; 20000; 0.100; -6; 6; 25
2000025; 112; 424; 11; 8; 150; 0.150; 0.005; 0.005; 0.005; 2; 10000; 20000; 0.100; -6; 6; 25
2000025; 112; 425; 11; 8; 150; 0.150; 0.005; 0.005; 0.005; 2; 10000; 20000; 0.100; -6; 6; 25
2000025; 112; 430; 11; 8; 150; 0.150; 0.005; 0.005; 0.005; 2; 10000; 20000; 0.100; -6; 6; 25
2000025; 112; 431; 1; 1; 150; 0.150; 0.005; 0.005; 0.005; 2; 10000; 20000; 0.100; -6; 6; 25
2000025; 112; 432; 1; 1; 150; 0.150; 0.005; 0.005; 0.005; 2; 10000; 20000; 0.100; -6; 6; 25
2000025; 112; 433; 1; 1; 150; 0.150; 0.005; 0.005; 0.005; 2; 10000; 20000; 0.100; -6; 6; 25
2000025; 112; 434; 11; 8; 150; 0.150; 0.005; 0.005; 0.005; 2; 10000; 20000; 0.100; -6; 6; 25
2000025; 112; 435; 11; 8; 150; 0.150; 0.005; 0.005; 0.005; 2; 10000; 20000; 0.100; -6; 6; 25
2000026; 1; 1; 11; 8; 150; 0.150; 0.005; 0.005; 0.005; 2; 10000; 40000; 0.100; -6; 6; 25
2000026; 3; 5; 4; 8; 150; 0.150; 0.005; 0.005; 0.005; 2; 3000; 20000; 0.100; -6; 6; 25
2000026; 11; 11; 11; 8; 150; 0.150; 0.005; 0.005; 0.005; 2; 10000; 40000; 0.100; -6; 6; 25
2000026; 11; 14; 11; 8; 150; 0.150; 0.005; 0.005; 0.005; 2; 10000; 40000; 0.100; -6; 6; 25
2000026; 11; 16; 11; 8; 150; 0.150; 0.005; 0.005; 0.005; 2; 10000; 40000; 0.100; -6; 6; 25
2000026; 101; 102; 11; 8; 150; 0.150; 0.005; 0.005; 0.005; 2; 10000; 40000; 0.100; -6; 6; 25
2000026; 101; 103; 11; 8; 150; 0.150; 0.005; 0.005; 0.005; 2; 10000; 40000; 0.100; -6; 6; 25
2000026; 110; 421; 11; 8; 150; 0.150; 0.005; 0.005; 0.005; 2; 10000; 20000; 0.100; -6; 6; 25
2000026; 110; 422; 11; 1; 150; 0.150; 0.005; 0.005; 0.005; 2; 10000; 20000; 0.100; -6; 6; 25
2000026; 110; 423; 11; 8; 150; 0.150; 0.005; 0.005; 0.005; 2; 10000; 20000; 0.100; -6; 6; 25
2000026; 111; 422; 1; 1; 150; 0.150; 0.005; 0.005; 0.005; 2; 10000; 20000; 0.100; -6; 6; 25
2000026; 111; 424; 11; 8; 150; 0.150; 0.005; 0.005; 0.005; 2; 10000; 20000; 0.100; -6; 6; 25
2000026; 111; 425; 11; 8; 150; 0.150; 0.005; 0.005; 0.005; 2; 10000; 20000; 0.100; -6; 6; 25
2000026; 111; 426; 1; 1; 150; 0.150; 0.005; 0.005; 0.005; 2; 10000; 20000; 0.100; -6; 6; 25
2000026; 111; 427; 1; 1; 150; 0.150; 0.005; 0.005; 0.005; 2; 10000; 20000; 0.100; -6; 6; 25
2000026; 112; 422; 1; 1; 150; 0.150; 0.005; 0.005; 0.005; 2; 10000; 20000; 0.100; -6; 6; 25
2000026; 112; 424; 11; 8; 150; 0.150; 0.005; 0.005; 0.005; 2; 10000; 20000; 0.100; -6; 6; 25
2000026; 112; 425; 11; 8; 150; 0.150; 0.005; 0.005; 0.005; 2; 10000; 20000; 0.100; -6; 6; 25
2000026; 112; 430; 11; 8; 150; 0.150; 0.005; 0.005; 0.005; 2; 10000; 20000; 0.100; -6; 6; 25
2000026; 112; 431; 1; 1; 150; 0.150; 0.005; 0.005; 0.005; 2; 10000; 20000; 0.100; -6; 6; 25
2000026; 112; 432; 1; 1; 150; 0.150; 0.005; 0.005; 0.005; 2; 10000; 20000; 0.100; -6; 6; 25
2000026; 112; 433; 1; 1; 150; 0.150; 0.005; 0.005; 0.005; 2; 10000; 20000; 0.100; -6; 6; 25
2000026; 112; 434; 11; 8; 150; 0.150; 0.005; 0.005; 0.005; 2; 10000; 20000; 0.100; -6; 6; 25
2000026; 112; 435; 11; 8; 150; 0.150; 0.005; 0.005; 0.005; 2; 10000; 20000; 0.100; -6; 6; 25
2000027; 1; 1; 11; 8; 150; 0.150; 0.005; 0.005; 0.005; 2; 10000; 40000; 0.100; -6; 6; 25
2000027; 3; 5; 4; 8; 150; 0.150; 0.005; 0.005; 0.005; 2; 3000; 20000; 0.100; -6; 6; 25
2000027; 11; 11; 11; 8; 150; 0.150; 0.005; 0.005; 0.005; 2; 10000; 40000; 0.100; -6; 6; 25
2000027; 11; 14; 11; 8; 150; 0.150; 0.005; 0.005; 0.005; 2; 10000; 40000; 0.100; -6; 6; 25
2000027; 11; 16; 11; 8; 150; 0.150; 0.005; 0.005; 0.005; 2; 10000; 40000; 0.100; -6; 6; 25
2000027; 101; 102; 11; 8; 150; 0.150; 0.005; 0.005; 0.005; 2; 10000; 40000; 0.100; -6; 6; 25
2000027; 101; 103; 11; 8; 150; 0.150; 0.005; 0.005; 0.005; 2; 10000; 40000; 0.100; -6; 6; 25
2000027; 110; 421; 11; 8; 150; 0.150; 0.005; 0.005; 0.005; 2; 10000; 20000; 0.100; -6; 6; 25
2000027; 110; 422; 11; 1; 150; 0.150; 0.005; 0.005; 0.005; 2; 10000; 20000; 0.100; -6; 6; 25
2000027; 110; 423; 11; 8; 150; 0.150; 0.005; 0.005; 0.005; 2; 10000; 20000; 0.100; -6; 6; 25
2000027; 111; 422; 1; 1; 150; 0.150; 0.005; 0.005; 0.005; 2; 10000; 20000; 0.100; -6; 6; 25
2000027; 111; 424; 11; 8; 150; 0.150; 0.005; 0.005; 0.005; 2; 10000; 20000; 0.100; -6; 6; 25
2000027; 111; 425; 11; 8; 150; 0.150; 0.005; 0.005; 0.005; 2; 10000; 20000; 0.100; -6; 6; 25
2000027; 111; 426; 1; 1; 150; 0.150; 0.005; 0.005; 0.005; 2; 10000; 20000; 0.100; -6; 6; 25
2000027; 111; 427; 1; 1; 150; 0.150; 0.005; 0.005; 0.005; 2; 10000; 20000; 0.100; -6; 6; 25
2000027; 112; 422; 1; 1; 150; 0.150; 0.005; 0.005; 0.005; 2; 10000; 20000; 0.100; -6; 6; 25
2000027; 112; 424; 11; 8; 150; 0.150; 0.005; 0.005; 0.005; 2; 10000; 20000; 0.100; -6; 6; 25
2000027; 112; 425; 11; 8; 150; 0.150; 0.005; 0.005; 0.005; 2; 10000; 20000; 0.100; -6; 6; 25
2000027; 112; 430; 11; 8; 150; 0.150; 0.005; 0.005; 0.005; 2; 10000; 20000; 0.100; -6; 6; 25
2000027; 112; 431; 1; 1; 150; 0.150; 0.005; 0.005; 0.005; 2; 10000; 20000; 0.100; -6; 6; 25
2000027; 112; 432; 1; 1; 150; 0.150; 0.005; 0.005; 0.005; 2; 10000; 20000; 0.100; -6; 6; 25
2000027; 112; 433; 1; 1; 150; 0.150; 0.005; 0.005; 0.005; 2; 10000; 20000; 0.100; -6; 6; 25
2000027; 112; 434; 11; 8; 150; 0.150; 0.005; 0.005; 0.005; 2; 10000; 20000; 0.100; -6; 6; 25
2000027; 112; 435; 11; 8; 150; 0.150; 0.005; 0.005; 0.005; 2; 10000; 20000; 0.100; -6; 6; 25
2000028; 1; 1; 11; 8; 150; 0.150; 0.005; 0.005; 0.005; 2; 10000; 40000; 0.100; -6; 6; 25
2000028; 3; 5; 4; 8; 150; 0.150; 0.005; 0.005; 0.005; 2; 3000; 20000; 0.100; -6; 6; 25
2000028; 11; 11; 11; 8; 150; 0.150; 0.005; 0.005; 0.005; 2; 10000; 40000; 0.100; -6; 6; 25
2000028; 11; 14; 11; 8; 150; 0.150; 0.005; 0.005; 0.005; 2; 10000; 40000; 0.100; -6; 6; 25
2000028; 11; 16; 11; 8; 150; 0.150; 0.005; 0.005; 0.005; 2; 10000; 40000; 0.100; -6; 6; 25
2000028; 101; 102; 11; 8; 150; 0.150; 0.005; 0.005; 0.005; 2; 10000; 40000; 0.100; -6; 6; 25
2000028; 101; 103; 11; 8; 150; 0.150; 0.005; 0.005; 0.005; 2; 10000; 40000; 0.100; -6; 6; 25
2000028; 110; 421; 11; 8; 150; 0.150; 0.005; 0.005; 0.005; 2; 10000; 20000; 0.100; -6; 6; 25
2000028; 110; 422; 11; 1; 150; 0.150; 0.005; 0.005; 0.005; 2; 10000; 20000; 0.100; -6; 6; 25
2000028; 110; 423; 11; 8; 150; 0.150; 0.005; 0.005; 0.005; 2; 10000; 20000; 0.100; -6; 6; 25
2000028; 111; 422; 1; 1; 150; 0.150; 0.005; 0.005; 0.005; 2; 10000; 20000; 0.100; -6; 6; 25
2000028; 111; 424; 11; 8; 150; 0.150; 0.005; 0.005; 0.005; 2; 10000; 20000; 0.100; -6; 6; 25
2000028; 111; 425; 11; 8; 150; 0.150; 0.005; 0.005; 0.005; 2; 10000; 20000; 0.100; -6; 6; 25
2000028; 111; 426; 1; 1; 150; 0.150; 0.005; 0.005; 0.005; 2; 10000; 20000; 0.100; -6; 6; 25
2000028; 111; 427; 1; 1; 150; 0.150; 0.005; 0.005; 0.005; 2; 10000; 20000; 0.100; -6; 6; 25
2000028; 112; 422; 1; 1; 150; 0.150; 0.005; 0.005; 0.005; 2; 10000; 20000; 0.100; -6; 6; 25
2000028; 112; 424; 11; 8; 150; 0.150; 0.005; 0.005; 0.005; 2; 10000; 20000; 0.100; -6; 6; 25
2000028; 112; 425; 11; 8; 150; 0.150; 0.005; 0.005; 0.005; 2; 10000; 20000; 0.100; -6; 6; 25
2000028; 112; 430; 11; 8; 150; 0.150; 0.005; 0.005; 0.005; 2; 10000; 20000; 0.100; -6; 6; 25
2000028; 112; 431; 1; 1; 150; 0.150; 0.005; 0.005; 0.005; 2; 10000; 20000; 0.100; -6; 6; 25
2000028; 112; 432; 1; 1; 150; 0.150; 0.005; 0.005; 0.005; 2; 10000; 20000; 0.100; -6; 6; 25
2000028; 112; 433; 1; 1; 150; 0.150; 0.005; 0.005; 0.005; 2; 10000; 20000; 0.100; -6; 6; 25
2000028; 112; 434; 11; 8; 150; 0.150; 0.005; 0.005; 0.005; 2; 10000; 20000; 0.100; -6; 6; 25
2000028; 112; 435; 11; 8; 150; 0.150; 0.005; 0.005; 0.005; 2; 10000; 20000; 0.100; -6; 6; 25
2000029; 1; 1; 11; 8; 150; 0.150; 0.005; 0.005; 0.005; 2; 10000; 40000; 0.100; -6; 6; 25
2000029; 3; 5; 4; 8; 150; 0.150; 0.005; 0.005; 0.005; 2; 3000; 20000; 0.100; -6; 6; 25
2000029; 11; 11; 11; 8; 150; 0.150; 0.005; 0.005; 0.005; 2; 10000; 40000; 0.100; -6; 6; 25
2000029; 11; 14; 11; 8; 150; 0.150; 0.005; 0.005; 0.005; 2; 10000; 40000; 0.100; -6; 6; 25
2000029; 11; 16; 11; 8; 150; 0.150; 0.005; 0.005; 0.005; 2; 10000; 40000; 0.100; -6; 6; 25
2000029; 101; 102; 11; 8; 150; 0.150; 0.005; 0.005; 0.005; 2; 10000; 40000; 0.100; -6; 6; 25
2000029; 101; 103; 11; 8; 150; 0.150; 0.005; 0.005; 0.005; 2; 10000; 40000; 0.100; -6; 6; 25
2000029; 110; 421; 11; 8; 150; 0.150; 0.005; 0.005; 0.005; 2; 10000; 20000; 0.100; -6; 6; 25
2000029; 110; 422; 11; 1; 150; 0.150; 0.005; 0.005; 0.005; 2; 10000; 20000; 0.100; -6; 6; 25
2000029; 110; 423; 11; 8; 150; 0.150; 0.005; 0.005; 0.005; 2; 10000; 20000; 0.100; -6; 6; 25
2000029; 111; 422; 1; 1; 150; 0.150; 0.005; 0.005; 0.005; 2; 10000; 20000; 0.100; -6; 6; 25
2000029; 111; 424; 11; 8; 150; 0.150; 0.005; 0.005; 0.005; 2; 10000; 20000; 0.100; -6; 6; 25
2000029; 111; 425; 11; 8; 150; 0.150; 0.005; 0.005; 0.005; 2; 10000; 20000; 0.100; -6; 6; 25
2000029; 111; 426; 1; 1; 150; 0.150; 0.005; 0.005; 0.005; 2; 10000; 20000; 0.100; -6; 6; 25
2000029; 111; 427; 1; 1; 150; 0.150; 0.005; 0.005; 0.005; 2; 10000; 20000; 0.100; -6; 6; 25
2000029; 112; 422; 1; 1; 150; 0.150; 0.005; 0.005; 0.005; 2; 10000; 20000; 0.100; -6; 6; 25
2000029; 112; 424; 11; 8; 150; 0.150; 0.005; 0.005; 0.005; 2; 10000; 20000; 0.100; -6; 6; 25
2000029; 112; 425; 11; 8; 150; 0.150; 0.005; 0.005; 0.005; 2; 10000; 20000; 0.100; -6; 6; 25
2000029; 112; 430; 11; 8; 150; 0.150; 0.005; 0.005; 0.005; 2; 10000; 20000; 0.100; -6; 6; 25
2000029; 112; 431; 1; 1; 150; 0.150; 0.005; 0.005; 0.005; 2; 10000; 20000; 0.100; -6; 6; 25
2000029; 112; 432; 1; 1; 150; 0.150; 0.005; 0.005; 0.005; 2; 10000; 20000; 0.100; -6; 6; 25
2000029; 112; 433; 1; 1; 150; 0.150; 0.005; 0.005; 0.005; 2; 10000; 20000; 0.100; -6; 6; 25
2000029; 112; 434; 11; 8; 150; 0.150; 0.005; 0.005; 0.005; 2; 10000; 20000; 0.100; -6; 6; 25
2000029; 112; 435; 11; 8; 150; 0.150; 0.005; 0.005; 0.005; 2; 10000; 20000; 0.100; -6; 6; 25
2000030; 1; 1; 11; 8; 150; 0.150; 0.005; 0.005; 0.005; 2; 10000; 40000; 0.100; -6; 6; 25
2000030; 3; 5; 4; 8; 150; 0.150; 0.005; 0.005; 0.005; 2; 3000; 20000; 0.100; -6; 6; 25
2000030; 11; 11; 11; 8; 150; 0.150; 0.005; 0.005; 0.005; 2; 10000; 40000; 0.100; -6; 6; 25
2000030; 11; 14; 11; 8; 150; 0.150; 0.005; 0.005; 0.005; 2; 10000; 40000; 0.100; -6; 6; 25
2000030; 11; 16; 11; 8; 150; 0.150; 0.005; 0.005; 0.005; 2; 10000; 40000; 0.100; -6; 6; 25
2000030; 101; 102; 11; 8; 150; 0.150; 0.005; 0.005; 0.005; 2; 10000; 40000; 0.100; -6; 6; 25
2000030; 101; 103; 11; 8; 150; 0.150; 0.005; 0.005; 0.005; 2; 10000; 40000; 0.100; -6; 6; 25
2000030; 110; 421; 11; 8; 150; 0.150; 0.005; 0.005; 0.005; 2; 10000; 20000; 0.100; -6; 6; 25
2000030; 110; 422; 11; 1; 150; 0.150; 0.005; 0.005; 0.005; 2; 10000; 20000; 0.100; -6; 6; 25
2000030; 110; 423; 11; 8; 150; 0.150; 0.005; 0.005; 0.005; 2; 10000; 20000; 0.100; -6; 6; 25
2000030; 111; 422; 1; 1; 150; 0.150; 0.005; 0.005; 0.005; 2; 10000; 20000; 0.100; -6; 6; 25
2000030; 111; 424; 11; 8; 150; 0.150; 0.005; 0.005; 0.005; 2; 10000; 20000; 0.100; -6; 6; 25
2000030; 111; 425; 11; 8; 150; 0.150; 0.005; 0.005; 0.005; 2; 10000; 20000; 0.100; -6; 6; 25
2000030; 111; 426; 1; 1; 150; 0.150; 0.005; 0.005; 0.005; 2; 10000; 20000; 0.100; -6; 6; 25
2000030; 111; 427; 1; 1; 150; 0.150; 0.005; 0.005; 0.005; 2; 10000; 20000; 0.100; -6; 6; 25
2000030; 112; 422; 1; 1; 150; 0.150; 0.005; 0.005; 0.005; 2; 10000; 20000; 0.100; -6; 6; 25
2000030; 112; 424; 11; 8; 150; 0.150; 0.005; 0.005; 0.005; 2; 10000; 20000; 0.100; -6; 6; 25
2000030; 112; 425; 11; 8; 150; 0.150; 0.005; 0.005; 0.005; 2; 10000; 20000; 0.100; -6; 6; 25
2000030; 112; 430; 11; 8; 150; 0.150; 0.005; 0.005; 0.005; 2; 10000; 20000; 0.100; -6; 6; 25
2000030; 112; 431; 1; 1; 150; 0.150; 0.005; 0.005; 0.005; 2; 10000; 20000; 0.100; -6; 6; 25
2000030; 112; 432; 1; 1; 150; 0.150; 0.005; 0.005; 0.005; 2; 10000; 20000; 0.100; -6; 6; 25
2000030; 112; 433; 1; 1; 150; 0.150; 0.005; 0.005; 0.005; 2; 10000; 20000; 0.100; -6; 6; 25
2000030; 112; 434; 11; 8; 150; 0.150; 0.005; 0.005; 0.005; 2; 10000; 20000; 0.100; -6; 6; 25
2000030; 112; 435; 11; 8; 150; 0.150; 0.005; 0.005; 0.005; 2; 10000; 20000; 0.100; -6; 6; 25
2000031; 1; 1; 11; 8; 150; 0.150; 0.005; 0.005; 0.005; 2; 10000; 40000; 0.100; -6; 6; 25
2000031; 3; 5; 4; 8; 150; 0.150; 0.005; 0.005; 0.005; 2; 3000; 20000; 0.100; -6; 6; 25
2000031; 11; 11; 11; 8; 150; 0.150; 0.005; 0.005; 0.005; 2; 10000; 40000; 0.100; -6; 6; 25
2000031; 11; 14; 11; 8; 150; 0.150; 0.005; 0.005; 0.005; 2; 10000; 40000; 0.100; -6; 6; 25
2000031; 11; 16; 11; 8; 150; 0.150; 0.005; 0.005; 0.005; 2; 10000; 40000; 0.100; -6; 6; 25
2000031; 101; 102; 11; 8; 150; 0.150; 0.005; 0.005; 0.005; 2; 10000; 40000; 0.100; -6; 6; 25
2000031; 101; 103; 11; 8; 150; 0.150; 0.005; 0.005; 0.005; 2; 10000; 40000; 0.100; -6; 6; 25
2000031; 110; 421; 11; 8; 150; 0.150; 0.005; 0.005; 0.005; 2; 10000; 20000; 0.100; -6; 6; 25
2000031; 110; 422; 11; 1; 150; 0.150; 0.005; 0.005; 0.005; 2; 10000; 20000; 0.100; -6; 6; 25
2000031; 110; 423; 11; 8; 150; 0.150; 0.005; 0.005; 0.005; 2; 10000; 20000; 0.100; -6; 6; 25
2000031; 111; 422; 1; 1; 150; 0.150; 0.005; 0.005; 0.005; 2; 10000; 20000; 0.100; -6; 6; 25
2000031; 111; 424; 11; 8; 150; 0.150; 0.005; 0.005; 0.005; 2; 10000; 20000; 0.100; -6; 6; 25
2000031; 111; 425; 11; 8; 150; 0.150; 0.005; 0.005; 0.005; 2; 10000; 20000; 0.100; -6; 6; 25
2000031; 111; 426; 1; 1; 150; 0.150; 0.005; 0.005; 0.005; 2; 10000; 20000; 0.100; -6; 6; 25
2000031; 111; 427; 1; 1; 150; 0.150; 0.005; 0.005; 0.005; 2; 10000; 20000; 0.100; -6; 6; 25
2000031; 112; 422; 1; 1; 150; 0.150; 0.005; 0.005; 0.005; 2; 10000; 20000; 0.100; -6; 6; 25
2000031; 112; 424; 11; 8; 150; 0.150; 0.005; 0.005; 0.005; 2; 10000; 20000; 0.100; -6; 6; 25
2000031; 112; 425; 11; 8; 150; 0.150; 0.005; 0.005; 0.005; 2; 10000; 20000; 0.100; -6; 6; 25
2000031; 112; 430; 11; 8; 150; 0.150; 0.005; 0.005; 0.005; 2; 10000; 20000; 0.100; -6; 6; 25
2000031; 112; 431; 1; 1; 150; 0.150; 0.005; 0.005; 0.005; 2; 10000; 20000; 0.100; -6; 6; 25
2000031; 112; 432; 1; 1; 150; 0.150; 0.005; 0.005; 0.005; 2; 10000; 20000; 0.100; -6; 6; 25
2000031; 112; 433; 1; 1; 150; 0.150; 0.005; 0.005; 0.005; 2; 10000; 20000; 0.100; -6; 6; 25
2000031; 112; 434; 11; 8; 150; 0.150; 0.005; 0.005; 0.005; 2; 10000; 20000; 0.100; -6; 6; 25
2000031; 112; 435; 11; 8; 150; 0.150; 0.005; 0.005; 0.005; 2; 10000; 20000; 0.100; -6; 6; 25
